V0,V1,V2,V3,V4,V5,V6,V7,V8,V9
-1.5584540438006593,1.4289062680962217,-1.7021383654332964,0.15759861884460857,0.6833420737392115,1.4916138281435933,-0.16456891836477205,-0.6064622052824519,-0.7834530902500343,-0.3865695537700924
0.06345209833340144,1.6019093708200454,0.4578271314123078,-0.35778449388915456,-0.6293285186034638,1.7630550374851344,1.0694254018527893,0.9311697696268355,-0.9075400004921895,0.8685908725243949
1.3328250355751854,1.386848954194775,1.0714467249767208,-0.918434277362874,-1.130201737748041,1.6362169331039926,0.729396575410992,0.05339072128851661,-0.87167329073373,0.39647890410218845
1.4578605623267404,-1.599707290827181,1.1466651456843568,-0.382053675995424,-0.8163563937867183,-1.2528198786830307,-0.04327964302412727,0.13588625355241984,1.2098856580605235,0.46805476887864644
1.2678516074600676,-0.7485132603364492,1.1565965608299695,-0.5665425424884917,-0.928025050245668,-0.8590905953952399,0.21179847799811444,1.339292460831196,-0.15461270853079445,1.0427470698987298
0.45554028087093307,-1.5348394418342919,0.7726254378176811,0.7635305065951299,1.0337281597261148,-1.1779981905236931,-1.1786070114420522,-1.1834939339461095,2.080179917230116,-1.2876777113066058
1.5802282345627754,0.9736530412747805,1.1656426008117171,0.0023620946706911007,-0.227274408732211,1.1191719098716935,0.4212654074978959,0.7840356950516456,-0.7842372121015719,0.8307071112501596
-1.580632863891033,1.1812223236352715,-1.6108280747008898,-1.484292249949163,-1.2127149434900277,1.5410832564056511,-0.8665395842775436,1.4269975432632322,-0.6726357927455026,1.0115999957785917
-0.6657555794198479,-1.115025250104905,-0.8628684763617943,0.313414833353306,0.5864473703598362,-0.9177849638868479,-0.8340503092364167,-1.340657952273484,1.6666210964285109,-1.3751069148892674
-0.4068796656834723,0.8229579837788338,-0.4145462720622316,1.5339627040552193,1.2376717305944371,0.6781990870768912,0.6634703472887308,-1.133967078537266,-0.7790758964214622,-1.4704709692971347
0.7907229889398881,-0.07918442125691628,0.9369206535800177,-1.6771562663497241,-1.3309697371302194,-0.2775581686077131,0.32675366007164697,0.9533340794509475,-0.5280691170844389,0.8254659284292378
0.47467714584753246,0.04747511650855771,0.7128193885091969,0.6536884286396281,0.9292443123352188,-0.15789206840812972,-0.02513528143155353,-1.0666810004389224,-0.4831896530854072,-1.00837679340271
-0.9442631877472616,0.5112692226467116,-1.2047600330197263,0.6145918841454897,0.9760373447577251,0.10396179438900564,-1.4736871327651926,1.5597735149876883,1.476661254066766,1.1054891783076704
1.0420706115832237,0.22459994759683527,1.0269141534397541,-1.6923150989814666,-1.2976826168552595,-0.07888288562532753,-0.35848960851589673,-1.265222115728177,-0.18663413867953407,-1.7668636354082283
1.3163337483524333,-1.6428666733020694,1.0896845078277566,-0.47406780183036484,-0.6836482503236235,-1.128968267656031,1.5493290791871708,-1.0668299782503936,-0.5999676131843056,-1.1656096917107412
0.18123493352336087,0.8718529179199244,0.507692541040091,-0.10222891951900474,0.12445226386152569,1.0088185604656645,-1.241066534847423,-1.2433704336248557,-0.3253950562668686,-1.4800668265551142
-1.6893939156233275,-0.9106424117990102,-1.5581910704801725,-1.241913357259995,-1.1771694546754978,-0.9273598309706422,-0.016950193808689965,0.24517103299910167,0.21149006015824884,0.5478280346304518
-1.4466113798747156,-0.7185439698454977,-1.5549322385485467,1.2430206397783021,1.1821098082133756,-0.8505257888218077,-1.7430552824134864,-0.6596559044775429,2.170214832459883,-0.35630873294335713
1.1511118608924018,1.4838656719232997,1.0381408307572997,1.685952178409793,1.2753615875397153,1.7506211321623812,0.9623487317970584,1.2897708894336863,-0.9086753515928541,1.043481848584761
-0.9696474817025271,-1.4324802164764963,-1.2013441799863815,0.8481564729273572,1.0951759704352895,-1.1609739527242622,-0.57582780433367,-0.07043440628312884,1.6548753381579469,0.21648673675229002
-0.8769634282321886,1.7439788159873297,-1.1375609287426216,1.553879933249946,1.24705882492366,1.7991771130762244,0.5823509993147956,-1.3076341390622945,-0.8727229691069156,-1.320383834228228
-1.401911837792501,0.43119414760168545,-1.5916208305057638,1.7030820283848105,1.2683919091601197,0.28147279373562,-1.0015206366871618,-1.7459334734471008,0.14948551806225793,-2.332616225471318
-0.013962808794397938,-1.2867549159410565,0.2462460300588277,-1.01941358069627,-1.0817907511124398,-1.0560437395614803,1.0457840243675889,1.0068358950081386,-0.48016289200646484,0.82452437786935
-0.8510471991019832,-0.6364077342288985,-0.8917390807950475,-0.4325296695389146,-0.8387922771934042,-0.7458924359740673,-0.25475547579793706,0.30646342107407704,0.2714578853635385,0.5065944687759438
-0.4926465808871006,-1.6215718409238185,-0.3565005534083809,-0.06573111713358736,0.057907099264516426,-1.2049832547374537,-1.5673685549289476,0.9299070615395715,2.231623389231019,0.8092777458716267
1.2770675060708423,1.288646094314812,1.106138912757027,0.699358225703061,0.9430290738241554,1.439071421339431,-1.3623231493225585,-0.34200290814722994,-0.45856809199542886,-0.0882739091258668
1.4709821114296504,-0.5260040612496114,1.1685385753671305,-0.33353720317396907,-0.676858407585263,-0.5742595383074154,0.44324996484335255,-0.9796608739361139,-0.45332471190025125,-0.9479013341135542
-1.6635939474478925,-0.4367714536903669,-1.6462384962826235,0.015665012023553297,0.1597493013906811,-0.6044795193363953,1.104390867130087,1.4888946654825426,-0.6083143371233551,1.0616306406161058
0.4589502342302252,0.4707836526076127,0.8410911001157151,1.2554106322732632,1.1378662651766314,0.20472275706435727,1.0817514224389133,1.2739544838275847,-0.7753505343890507,0.9081714262426842
-0.6104414355303008,-1.6883465496697796,-0.7659133652934768,0.15142646609244664,0.41860143096517244,-1.244836944825016,0.09386608413288637,0.6198671303937506,0.9270497515052095,0.707653487213534
-0.026536394081607476,-0.04890996823424625,0.37847426490877634,-1.3776199481154046,-1.210451958968357,-0.3521457232995469,-0.9930075280140213,-1.0628502928603891,1.2443208543987234,-0.9255991973987878
1.7424941599187875,1.4913531974962249,1.2155737044716546,-1.1915417060746654,-1.1876698511363912,1.5719378443194527,-0.1957564952652962,1.1757294108803884,-0.7664234206980073,0.9127076383035143
-0.8181671544834672,-1.6705528840522084,-1.1098604529071316,1.6704802301456259,1.2520799687282642,-1.2436630090712384,1.5958298818044627,-1.4598018952639875,-0.5540260685723923,-1.554196763991346
-0.38335066478384355,0.3495816425550348,-0.5207472140073091,-0.5178829218494895,-0.7622744897905448,-0.04176697061737396,-1.6722293834264577,1.5468718459741164,1.551484686298641,1.0719209669996534
-0.2972368044130258,1.568870799654356,0.18019080916411034,-0.24486742662575048,-0.5280322873535133,1.8759628181472796,0.03069650790361214,-0.108866888961929,-0.8422803212440071,0.2813281203045149
1.3341515041093992,0.5888608705757626,1.139609526340714,-1.087742322382881,-1.115699719377217,0.3429961121860376,-1.2964833483444547,0.09815356982339402,0.38200183348815325,0.3857336247321817
-1.6307134350859187,0.8720794437965161,-1.6047564112621016,1.2030349227348813,1.1769125391153896,0.6212679459669481,-0.06760779739383359,-0.5059823981324238,-0.6532142260323414,0.04506018441038216
0.4180033495555669,-0.6113755242178835,0.7122348532317734,-0.7315471325948308,-0.9670418250392122,-0.5870517782336185,0.7561779550631456,1.2015391721676438,-0.5242161921121061,0.9588402383239444
1.0437497278157173,-0.3164090789586502,1.0461131355070437,-0.38335987695447116,-0.6138822740090811,-0.572425343599886,1.0641562764550305,-1.5231182334369702,-0.5785402028663986,-1.8567673017212474
0.30633835279368876,-1.6352402554717225,0.638681454675207,-0.8704857757511035,-1.043458191120477,-1.2191216807976153,0.6209407597929001,1.4658265420388645,-0.30226881282714696,1.0404877645527006
-1.7118020147970243,0.8288989076377938,-1.6594848451884432,0.6790325246339417,0.8762981153952388,0.7215441870910217,-1.5151614108875469,0.13043222115230893,-0.017896712841175676,0.39614418777541854
-0.02972131805731644,-0.13500472071773745,0.3726306901669748,0.7782477311222427,1.026934269592007,-0.3515634577270526,0.26689162226608526,0.9864435614785234,-0.4510622298885854,0.9423289262582506
0.9696772667677871,-0.7891873319702747,1.0055698687416068,0.6657735054328351,1.0238253679692941,-0.8338358300228874,0.5208681873315796,-0.031711635298298894,-0.2757407957525659,0.29472543677206825
0.7278928261296067,1.43879593884836,0.8268737774352468,-0.6722389377069106,-0.8024595654821448,1.6444832802409162,-1.0751314307955395,-1.4485551922247262,-0.6745978545936718,-2.0747532898003502
1.5844046397341074,1.5233923078146718,1.2125127931188002,1.6874910010223831,1.263646063343839,1.707088822500624,-0.11366988249872727,0.9640522935450756,-0.8338012218387522,0.8333132922137987
1.4278316003511837,-1.5414122357898192,1.177967632614187,0.4254052044502717,0.6570413631812037,-1.170502589869579,-0.2574347907955657,1.7190499447254892,1.5332790561557237,1.1131856930347213
1.1118819032624956,1.2595756767906372,1.0191969385009032,0.6697740862406204,1.0440794371526074,1.6327831058299362,-1.341757288155422,0.596262341088596,-0.5993957266863795,0.6503835583722043
1.5655482366029247,0.8747839544577559,1.1614235100422323,-1.5789060960972254,-1.2568210989837534,0.9988422927759364,1.0572450832745002,0.015569265183586417,-0.8492575909787231,0.30923223236392106
0.22347606206744772,-0.28273592991601304,0.43956681253098545,-0.011320035429017139,0.28296208862791583,-0.4285213153828773,-0.19065486829519077,1.285581807938113,-0.06665096953922074,1.0247498875111332
-1.4321502313604884,-1.379798107019727,-1.5771731936012159,-0.08569363913010236,-0.42513665096500475,-1.0969297201874286,0.3590146672130841,0.23991588064240896,0.04060336337896133,0.5425374360577064
1.819031273223399,0.9686014366207109,1.2473726217087457,1.7278719828566682,1.299477574163224,1.080965305633753,0.3371043150464001,-1.080599898766288,-0.7995589570451157,-1.0469339152386732
0.6637255389325208,-0.23218616688901425,0.7655948880957126,1.6322465809278894,1.2721924421800876,-0.30166037741854046,-0.3282247770155904,-1.7250648888704925,-0.12764283298695167,-2.2604101789678617
0.27885786831509024,0.6281013222809065,0.7106035390224411,0.35327361045521183,0.7845263368613964,0.39785577449969806,-0.8201998217253884,1.1554870944351907,-0.2839861355510856,0.964834016477522
-0.5636886494261737,-0.4732417987768662,-0.3598062637172071,-1.4110312042443487,-1.2198301603583885,-0.6247408748885254,0.7814724598631587,1.3633147903382081,-0.5330850364950509,0.9460027304749887
0.7910313611858301,1.581667304757662,0.9625077434564994,-0.7117920266041756,-0.8236838189210745,1.8257782779415521,1.6244727425180736,-1.4527417254227013,-0.9405102310832488,-2.0870570060976146
-1.5525064615366415,-0.6285282142299478,-1.6043918183531334,1.302811856218865,1.2090320317317143,-0.6837261787301553,-1.3740274902396543,1.5508239228052687,1.998077465026444,1.0692702986570832
1.6866901495491808,0.5564648343698321,1.239163245991273,-0.4575803484359645,-0.9179329285033228,0.46804533834459894,-0.01352910065486864,-0.768033354524487,-0.6399599080390053,-0.41546020480503854
0.7338928233374513,-0.7996807444352717,0.843535470590838,-0.8450113042017667,-1.08192497189856,-0.8911656126390608,-0.11162761871627853,1.1981683789982924,0.4075238428406069,0.8305007737066131
-0.7693611897988964,1.4544031116065246,-0.8989842194666257,1.0229435003358336,1.110578231193366,1.8171171344101977,1.521903562785455,-0.716056388527316,-0.9371780109728535,-0.6235024804312346
0.7693484238901268,-1.541500560554608,0.841736978027227,1.0681836150630064,1.1202824285231212,-1.2214453683611155,-0.6357209597958157,1.624718367821883,1.8924440710310304,1.0551073739593844
-1.0011817514048487,1.7259312688658768,-1.2603708691317872,-0.442518125550423,-0.6536948166867874,1.9870876288498627,-1.1999522212291491,1.6954921824623768,-0.7013172356375331,1.1318863594336313
-0.844475539512837,-0.9077660961309397,-1.033492426853387,-0.5384120292067258,-0.7912971252719223,-0.8825578516990479,0.955609315731255,0.5752901745682754,-0.5411187019159348,0.7772492430687995
-0.9141769228651794,0.8716268791745162,-0.9838580717372194,1.3493365803086312,1.1955723860271523,0.8581377980978591,-0.8924402162266233,-0.9345999886359068,-0.36844896363501867,-0.7723284685376516
0.07948291662152529,-0.6710478028772049,0.3281743052369062,-1.3042680873308525,-1.1844732345166933,-0.7374380856713713,0.9771747583875593,0.7204909518701189,-0.5932290898785223,0.758355321583235
-1.2156350781357834,0.8851456260939108,-1.2934464359711946,-0.35880785435230655,-0.7151369370594937,0.717065281938264,0.24431350194925527,-0.37517790576316074,-0.722785857664549,-0.2271861374007163
0.4970027427193446,0.6178277342416005,0.7451918939050682,1.2387918724004494,1.219398520072137,0.2768894910101984,-1.2294885937877815,-1.002296401103161,0.1882789540718149,-0.855676314856514
-0.8478909600584754,0.5211274642659897,-0.9630477155934296,1.2105792821857275,1.1645133924997988,0.5470107644560283,1.1978533861733152,-1.137024784042951,-0.8235698236021175,-0.8291269476101251
0.4633645987641354,-0.3253424953322646,0.6294661376975736,0.5619984847969932,0.8377432784629036,-0.5022630663231262,1.1744939172111553,1.492509712937928,-0.690314310575085,1.0957445810074944
1.2479276304838973,-1.364039894263816,1.0714873628485448,-0.7651234007801203,-0.9323015771150656,-1.1797258014103373,0.6929555542097171,-0.44842109783599593,-0.2507028830717963,0.07229957277585221
-0.6561394212209348,1.300401624139749,-0.93079878188645,-1.7201769903486315,-1.2959121303992192,1.4802680391543201,0.9101190041094032,0.5450890849428677,-0.8699835426659155,0.6250471118165584
-0.2594186140925006,-1.4946880367473419,0.09759814985465416,1.5721816027151638,1.244697323540919,-1.21204814118533,-1.5210992989326901,0.27855310255195076,2.2280313188967744,0.519827135071988
0.22427005750830725,1.1490362720647658,0.6222943939820962,1.3464005896911104,1.2076068977612013,1.0235443639387056,-1.530052205612335,-1.448121662173126,-0.18714447263189588,-1.8498476787390559
-1.1507365458097392,-1.5341825474095339,-1.2737229979542453,0.2734189705822557,0.6203857786722188,-1.139469353564128,0.0021814338977333607,-0.22048786959186942,1.0110481726720546,0.25310350442145996
-0.8814742352582018,-1.5075176752581794,-0.8504807131462403,-1.3866677129159373,-1.265404449687755,-1.2082606798375495,1.4654708592663674,-1.5844922531854386,-0.5446077709805647,-2.252829160057965
0.7760971017225942,-1.034086582801196,0.8367933710472767,1.2031729496038746,1.2070112275247205,-0.9519824414879355,0.41446321015740767,-0.6599361490895693,-0.1285325990362723,-0.20589422168454904
-0.25551276743857937,-0.536745713786976,0.14213824462686014,1.1510170215190014,1.1641723495183471,-0.7496198790669902,0.43247542613096995,0.5773510413611549,-0.3150246935055152,0.6675620096082002
-0.7103647361045125,1.3690913429741391,-0.8553933067123174,0.630611810438725,0.996666056900391,1.6755406864990225,-0.030491054246757902,-1.5418554732416747,-0.8114422731870914,-2.090760029975348
-0.5664404524542471,-0.6111298833596019,-0.6690739646945939,1.1632428266417918,1.1143461792455165,-0.7768952718655882,0.5629906114974457,0.6286860843014934,-0.48035248673834596,0.7253621748057049
0.14034347156545948,-0.37980692606496447,0.4514303129554761,-1.1025220403703535,-1.162710397329062,-0.5617566784311622,-1.088035245496778,1.3682683799639888,1.6149101828110493,0.9816523266736895
0.6612024169205618,0.3976049965811046,0.8161321391433594,-1.2694668219057612,-1.092203905946085,0.047674981627123074,0.0567666716108078,0.8948367226214264,-0.5796763849215792,0.813071959531817
0.8372616108489324,0.894898584973813,0.9325247363209809,1.2240809456666186,1.1741587734988492,1.1265709875293022,-0.9896459190016199,0.13486788751971188,-0.492719958357284,0.496922116103247
0.464384020185328,0.30562745023143423,0.6914543103065508,0.4752415265929696,0.9233047162944564,0.2419868073006369,0.5215800452223917,0.5905237707290574,-0.6899123428600342,0.6891810299500907
1.1541313940030904,0.2425938046405746,1.0584860136569896,-1.0695675580544026,-1.1216922238113096,-0.1408815860905248,-0.6427454615242274,-1.4746163204666478,-0.030342726269742177,-2.051020298062907
1.1585762179429684,-0.5457447723592858,1.0496129587597176,-0.5611570484841469,-0.6879063705881941,-0.62325201524151,0.7817219574702113,-0.3597316662131098,-0.5478142867588196,0.006322315990026078
-0.9994083918016892,0.8663939289627187,-1.0860357104027842,-1.7133982582557166,-1.31564040548054,1.017640729438457,1.538886394599024,0.4101929063709221,-0.8818193606809916,0.5989903616453016
1.5939965106472453,-0.9965634672642814,1.177249812811524,-0.05731302088133588,-0.17384565257065485,-0.9456027275928115,-1.526226072916694,0.06156110661323278,2.1748721198938394,0.4720504894442547
1.2981634118244385,1.621060239482427,1.1181815201390364,0.5364927665125018,0.9594871233697768,1.7147941730290035,0.8503440256911093,-1.0585266927031667,-0.8975933024271971,-0.8642998037946789
-0.09388574661851462,0.4969164862156131,0.17273839645593791,0.9414324244200849,1.1203608477763014,0.551545190861832,-0.3383419295132677,-0.2693238996482736,-0.5586426690248233,0.18522801167758948
-1.4684734189216195,0.02820222221360053,-1.5518839867639551,-1.4899323738942385,-1.2479027739603632,-0.3072196783040513,1.4034813706517943,-1.674930298244524,-0.7606198567944326,-2.1955180075000293
0.5939865801610864,1.369698405877106,0.7339785903564103,0.8304927466192741,1.0453420030929659,1.6836047909932905,0.8726137877902828,0.7895706182508393,-0.8981325899500189,0.7872203093574337
-0.9754867072908315,0.08497607599638446,-1.0185205757663855,-0.5288394009681179,-0.9030876047208923,-0.33079182648497285,-0.3561983912312444,1.1899429600652132,0.03586882014228545,0.9131980899790916
-0.6194322091135444,0.2259701431828639,-0.6034584075025023,0.23959949628874436,0.5407252260505442,0.12790832760261397,-1.6060041463782408,-0.37795961867940187,1.3128109017799023,0.011923260294674715
-0.046097616258331066,-1.0757294987371941,0.15099095109436048,1.1547279673025097,1.0957001042991787,-0.9675510717260515,-0.15788041683104512,-0.3871144698255739,0.8271765244623881,-0.16238623449262982
0.7238757698279079,-1.5568465003251384,0.9567368652619778,0.5669579316543807,0.9128297977129638,-1.1338130030223315,-1.0226441938132735,-1.0991509010813152,2.016913090461824,-0.9891168574215332
-0.12793658604813493,0.8803772474907798,0.22288495805068884,1.0953432782565296,1.1359410544516488,1.131080189598935,0.6414519136039875,1.4783617310279813,-0.850269322492987,1.0336753499173408
-0.5207341415833672,-1.699726555531162,-0.5642106402544894,0.899788496864192,1.026047371666803,-1.2675308027385614,-1.2929924805544841,-1.4091580671276553,2.2203931214860364,-1.7306253150956463
0.35599865882486503,1.3433369930241141,0.6779249211951932,-1.6829907252079597,-1.2574633870125869,1.5930428544129671,1.0594662592981448,-0.11924339442379699,-0.9020204336610467,0.23606600129297087
1.1235366416020285,-0.7811886964003399,1.0486291852551948,-0.5659365283040575,-0.9829967352990213,-0.8420744236195186,0.5743292392981908,0.05129172467998793,-0.3777623560174409,0.3952302454919748
-1.1475877543248825,-1.3236221879969936,-1.209409154236966,0.4603448107613007,0.8064218884356279,-1.0875070888712497,1.032046248692451,1.1782006320834102,-0.4508128103523218,0.9309416925813003
-0.5203351629829188,0.012847127320230068,-0.7883149837268999,1.022632352293703,1.129716890104422,-0.3230644332358669,0.6094543748416748,0.016361398052704867,-0.5410954473948232,0.30518278195371407
0.28407513145732277,1.5996124109039263,0.49632523144240254,0.33262085419744214,0.6122374909652825,1.8103923940707367,0.028209035091928684,-0.8390570976399704,-0.8286159821562352,-0.41414073488522446
-0.6584209894844477,-0.19433823636175973,-0.6496643008412084,1.1191781109842596,1.140127141062967,-0.5267760918285617,-0.8368378904534962,1.1293362984146136,1.2908793561316767,0.8958821949738373
1.0113105407426681,-1.3497053331965037,1.0090192135197678,-0.12257351302916422,0.05879461187219067,-1.051666424001423,1.0906002281791718,0.9819950089919376,-0.4920573692558966,0.7687395668397249
-1.0501883909467529,-0.06525772208512384,-1.115746239793306,-0.9545308872387763,-1.0914339166302645,-0.2283254418646439,-1.3339642599649282,-0.8392289075312277,1.535701490680333,-0.745859876760608
-1.1394909615780557,0.3778344290100441,-1.2484280902647764,-1.187458205991661,-1.156355885503057,0.2933012137887945,1.7088648177051244,-0.5436997972445444,-0.8433332658565452,-0.23132500520590246
1.5005016440103498,-0.989351489022885,1.1818809095896974,-0.7742544183670451,-1.0213635713763565,-0.9666481090460007,-0.22622527996636585,1.0424675618572485,0.545571765125234,0.9327109936318472
-0.14418538528847216,-0.3148439031436366,0.22722435194497398,0.9952349139449523,1.0971708723401465,-0.5976771186750851,1.1867409590386064,-1.0177840418651234,-0.6467040654671644,-1.0528494184146115
-0.27395536731788095,-1.6360667169983822,-0.005147286387264195,-0.03543203525968215,0.08902101325445483,-1.2871946690425708,0.6606251297511226,-1.4382863537634658,-0.3167080751173148,-1.6914152457399103
-0.40228877330657287,1.124419207272619,0.034348957032547096,-0.07694226711939295,-0.2358429094830591,1.4883258487012945,0.4214768027299181,1.2659537830703047,-0.8239816254999968,0.9902596045681167
-0.5926682777686824,0.8363694110841824,-1.0541043598730662,-0.48538881866063094,-0.8742688149766462,1.1153312998117482,-1.3256109876956974,0.22319368871958295,-0.3905874409137884,0.4637517461371141
1.0791257466821988,-0.5715586504166595,1.010793568865603,0.31185825747931456,0.5460959649749292,-0.6969514298745133,0.04843722877180731,0.8570880779632586,-0.10606945259477653,0.8288448841242135
-1.5793561749417449,0.341477884843101,-1.541775005520579,0.5346143211170837,0.9095589686614717,0.21950100248883592,1.1800256793750965,-0.9593854404405083,-0.7931231518532503,-0.732417117965068
-1.4451582222220083,-0.2922602341530741,-1.5785701239927117,0.5992462817619896,0.892509528631846,-0.35169338646934334,-0.5931932811256139,1.0009083626099893,0.42117050757963254,0.8960235630618849
1.6921437201599696,0.6524091395972894,1.1870257867799752,-0.6736576104027391,-0.9963621960551831,0.6011756763118873,0.1055387526811833,0.12156380124324508,-0.648228774180477,0.3883139760236476
-1.2057244990514193,-1.2848994114849943,-1.2426407849815109,1.0123596524959075,1.0599042344117295,-1.1563406945920929,0.20117592347568927,-1.0722784594295118,0.25098430380603276,-1.1011638833949633
-0.2879438449247143,-1.6574186331131096,-0.21086491459998472,0.1447837914009981,0.6197231313386566,-1.1969008285487401,1.1102502288382952,-1.5277019569377233,-0.5161227214108441,-1.9981550061445719
-1.2541614828821743,-0.9430742367367043,-1.2854450282973136,-0.4612919288378276,-0.8420384163607879,-0.8272412647840081,0.7802343127781021,0.9362272832960693,-0.45906829979934466,0.918493379749766
-0.38062086910480664,-1.5081915813215785,-0.29824618851412066,-1.4162129223921833,-1.2167049065338054,-1.1760022845254114,-0.38882840874156543,0.35286391984841897,1.604551784907174,0.5882807173747673
0.6329058718213608,-0.4140695354776758,0.8230103511952462,0.6715616756379744,0.9852829305774198,-0.6554573929061333,0.40139547504600576,-1.3707160315773321,-0.29718593771270846,-1.8973853607600457
-1.6702323565140624,0.8776924923116035,-1.7288137067085487,-0.12850367849738534,-0.4632160656773062,0.964660266233352,1.336757432632973,-1.5357091413425603,-0.8815090534166973,-2.188591102113845
0.5287837293267994,1.22411918153752,0.7415512911863151,-0.2542942538504631,-0.2720614400575599,1.4322668408512536,-1.2637237751153694,1.2597783888843608,-0.551600172180314,0.992044085517257
-0.2954211206195546,0.03857964462081495,-0.23009972190779213,1.6054044896704043,1.26927825540743,-0.0390944614759693,-0.6122719527458065,-1.4091690824599268,-0.07769811864255009,-1.4777766363449505
-0.6343403735082502,1.4358074647882264,-0.6950048100407459,0.15047442696225818,0.5101099188730741,1.6396561885289396,-0.9826654811184753,0.7177114603799271,-0.6652767322376945,0.7809643380858272
-0.5904177102411758,-0.8415535712536413,-0.7222390386549684,-1.3795772331227827,-1.2243251648684947,-0.9545894048033153,-1.0623772504655893,-0.08632299399548961,1.9179326173453684,0.25877868069419063
1.4106276911132158,0.04629906929204524,1.1670058246530242,-1.0690540624156244,-1.0688840075918415,-0.20302321535874623,0.35629226747712167,-0.1480866178334959,-0.44770840625685454,0.2465254787383766
-1.6022065125174008,1.7404956658281827,-1.5572362979306809,-1.186762576117867,-1.1508002743470498,1.9227872267328774,1.3645853641550407,0.2421371934443555,-0.9449293668928377,0.5054089241071495
-0.8356643118870026,-1.2428796309553416,-1.0392028322107847,-1.3091078015712099,-1.1797433230780905,-1.0771024637559838,1.5674265415462856,1.130215381528514,-0.642265042675259,0.9354213417118438
-0.7311921019442967,-1.2169938204933415,-0.8404400553445058,1.4004748895737453,1.230747512539425,-1.0947532690876156,0.8399788169995491,1.505858814892317,-0.34540173669767754,1.0385467923792984
0.4026451943551762,1.154288757087106,0.7634851029740589,-1.6804725041111985,-1.2885438775793345,1.6188561799069259,0.7853052970318718,-0.21219366352452249,-0.8787419909543829,0.2590047528268336
-1.130177018519048,-0.47222545896198437,-1.3180957030136824,1.6765274495226883,1.2619562628903642,-0.5076358234705892,-1.2992097698733116,-0.03337233523812534,1.6126298425116847,0.3696321765971703
-1.1323048565532927,-0.9816547447558854,-1.2297424225235347,-1.01869937192458,-1.128469464454828,-0.9702203096322672,-0.1768506198876901,0.0877159809646973,1.0548834822659547,0.40580171648555197
-0.4269300417798374,0.8439020328652256,-0.25690484762309546,1.0427977759606104,1.1530588517077565,0.8571597452825722,0.9971724365587568,-0.14372763189439328,-0.8356294132417142,0.23357148073740538
0.5169115843709907,1.2581876006363149,0.8053650492525996,-0.32512406010946493,-0.639614550780257,1.2841508384922773,-0.10427110179400054,-1.253297529433253,-0.7678894270824393,-1.5910670882778861
0.9551488154950712,0.6464744314102723,0.9380115906158327,0.9675779788218546,1.0887644559541925,0.5353864355928205,-0.42618644204959494,0.708092082538972,-0.5145852756063154,0.7395879693239503
-0.9716207496347463,1.310502505540696,-1.2445433969768132,-1.034582795120402,-1.0924607531040877,1.35629174499028,-0.19496815180513924,-0.9313371079209771,-0.7653519516951212,-0.8514340981673066
-1.1207867895182928,1.2497126431420036,-1.193188090973032,-0.10058984269244267,-0.16977789242730912,1.3638133601861395,-0.11566253581624325,1.5734018263640535,-0.775090397903094,1.0374859540095822
1.3396454129638506,0.5456132664550187,1.1104266831186713,0.12126626836338088,-0.03313492480478347,0.3532507815253369,-1.3274887094907488,-0.21789168859497607,0.32659238068311175,0.2608484325693117
-0.7510509456584037,-0.8289726017711007,-0.7309385512260783,-0.7585867807590427,-1.0037875351942518,-0.8856786901947151,-0.5402731431648795,0.39499333022865024,0.9552214532513371,0.5105633196478134
0.13754731460003836,0.7002149250759122,0.4979157278378049,-0.4396838544980636,-0.9233205970774799,0.2305195304853441,0.8961535477108602,-1.5129372645684416,-0.751675842103307,-1.8520037034080776
-0.7279934546514976,-1.6785205016301799,-0.7946231614698184,-1.0844925956203177,-1.152156074980042,-1.2080771237446395,-1.7086430172661469,0.5622334532640088,2.2766773742604887,0.6510198335603585
1.294856804401523,1.4558708126343238,1.1240359032928595,-0.7512327214433145,-1.034037214615462,1.7498688522616748,-0.9416176549913367,0.48092082983894097,-0.6886834538647627,0.5684802976514418
1.657273459584068,1.7374256539651318,1.198840218139785,-0.6472565921491561,-0.9696617859706883,1.835354124769329,0.7003199432071399,-0.47582576702121415,-0.8919690928000251,-0.030101090305736933
1.1061799687677893,-0.8133310295007152,1.005337801712183,0.10311984152768816,0.1950163706265755,-0.9309251803902646,-0.9553053696475052,-0.5024458778666463,1.799761292535353,-0.11060687985721677
0.026856735647360873,-0.2603823684971436,0.12284688814673364,-0.830449697671716,-1.0746080911583438,-0.5731489039263338,0.6564018968769366,1.6810914944827506,-0.5158705074921578,1.1496071145191376
1.455355160166891,-0.588433036287312,1.1411217858606117,-0.8609463891723977,-1.0940615106376568,-0.7605513279726769,-1.6107003886175297,0.9166811074466461,2.067849888038084,0.8608557632846771
-1.017997827711162,0.71942162616046,-1.402951702416246,-0.026297728746258266,0.014457997337142085,0.556995491740434,1.5860666203046163,-1.7431349559789548,-0.854108921869593,-2.357347542411458
1.6212279388614967,1.118643601916189,1.1745275501470733,-1.6835904191466435,-1.2587753826292656,1.3955719059771288,1.431554830927237,0.891827916951359,-0.9110418101473337,0.7645202474156888
1.7090652606487795,-1.5209931916578507,1.2197266671396338,-1.0731317009657302,-1.1705166842753931,-1.2209378626932255,1.3297575125591008,1.2062704389106245,-0.5358297821695944,0.9561921659958307
-1.1382929087962455,-0.24802308783904237,-1.23786811369876,0.740373605016827,1.056968706893072,-0.5423973030534986,-0.8770523935831517,1.1844832530997589,1.4793491395654397,0.9030910278424407
0.43580782304548527,0.3544536085506118,0.7421027323476741,1.3712007084254563,1.191409778609138,0.015976652267151593,-1.4459891067820738,-0.4339763111184833,1.1560757399176846,-0.10689341463174132
-0.42919365483584915,-0.9409054009608564,-0.30172348003156774,0.6170246407161027,0.9592576294375388,-0.8618174178991487,1.6220528763540618,-0.4990396293591523,-0.6605861008870323,-0.04727828127536457
-0.6711014864752128,-0.4814356773465152,-0.8914032857885051,1.4763898614541002,1.2106396341653678,-0.7836265760691848,1.386656606553177,-0.2725490663139185,-0.6841549191984871,0.08102137823519322
-1.4359532971535858,-0.10146231007980092,-1.587839273688942,-0.70102804128529,-0.9580482524123101,-0.3600801273769769,-1.0079067226265896,1.0399969166104048,1.4035916894664533,0.8817924922069799
1.6531783863210925,-1.4990465204143262,1.1750395033617642,-1.4047908027381446,-1.2752701618841749,-1.1437285035539686,0.9163989588163153,-0.28959863480803927,-0.4131982265124314,-0.10147084386156019
-0.6349336702302247,-0.680295596063082,-0.9503649367150976,-0.283522961520116,-0.6253965408960405,-0.7764720996109625,0.9724822672377496,0.7560733748503028,-0.5839716020305511,0.8844882646783605
-0.3882294454113792,-0.3293719105634756,-0.24063131207752542,1.1464476815938618,1.1608196342507267,-0.6690698754903809,-0.9589460707901455,-0.9605462735261824,1.4771946994517855,-0.34650810649431757
-0.7005697716994315,0.5178749988140355,-0.7733739899839279,-1.6735543032993292,-1.2988431593736252,0.1431401658706029,1.3179352847071921,0.1941369174003748,-0.8021317810751314,0.5355703249658421
0.33499758391226264,-0.46440844977260887,0.6714237291903563,-1.7140852240273512,-1.2762478511212418,-0.5735040315551937,-0.0796461450301478,1.2510251167857043,-0.10502962185388308,1.0237245067808254
-0.0682575280983714,-1.65798757589897,0.34855557181606633,-1.0160919988473038,-1.1045353249012366,-1.2714170967632163,-1.4109290929974891,0.325941270496412,2.2043432322465413,0.5235468424768797
0.1484299672650043,-0.27350647084013174,0.5487270747371302,-0.7251364607728809,-1.0091888148984327,-0.45128246362719104,0.6504447482696194,-0.15287712580390897,-0.555284168105852,0.16903744935342122
1.4853125502383324,-0.37275263881817705,1.1886028401098698,1.3826436442546215,1.1879183776274123,-0.6820604573456127,0.3357445346249184,0.2934807515469883,-0.27876515882648123,0.65324366766894
-0.8182419119649288,-0.04546677750953061,-1.1093218623906491,1.4791265426430278,1.2347733782044052,-0.31163771444346944,0.9225097132233797,0.5731860008513987,-0.6798500015718654,0.6693194905312627
0.7121143231052541,0.4578897139348787,0.8258431878112572,-1.580026879463339,-1.2834447334759922,-0.016690538357169868,0.4929745264622508,1.4951495648414974,-0.6398067231616466,1.1050005627377355
0.6108113312082445,1.3378746504474825,0.7843576691445259,1.158779318817963,1.15692664809594,1.7073973351314427,1.1054447559851102,1.044317185420109,-0.9091043147876692,0.9325097893833488
-1.5001991205590015,-0.09510734225576985,-1.5360540703752663,1.0997834367816326,1.1355987115538837,-0.23464228102689885,0.7727263410917227,-0.8197911081032523,-0.6253085114347628,-0.7460802361084911
1.6491950222244165,-0.695011282239262,1.1726176734654514,1.2669086831850687,1.150082455550692,-0.7882406356986568,-0.9814066962632638,0.5761236769654853,1.7854224100693674,0.7678704571497322
0.18452482461882744,-1.1714357017858863,0.577246964981071,-0.380827386630932,-0.6656000709900803,-1.107368315825217,0.1468380662348895,-1.2078801859279613,0.3044780041914479,-1.3911225218955723
-0.985546283616473,-1.0942709467480556,-1.1456118914122004,-1.2813885862740415,-1.169177999525282,-1.0339132203106092,-0.8172320710857881,-0.14866358334939367,1.73315825992056,0.1683913792779521
0.6077868294314592,-0.20982995422867295,0.8363704901398775,-1.5799950667393947,-1.2579946629337524,-0.39303681118995665,-0.020628351654790322,1.1138244063471299,-0.2625716637418199,0.9456529312440051
-1.3248724488874852,-1.5575165839647556,-1.5082819104125271,-0.41075443207835377,-0.8534284303424685,-1.1992996482588025,-1.7003487320569652,1.3279077785231266,2.2343704848436934,0.981603236816776
-1.4504728574872867,-0.5986821968446515,-1.5779443425713442,1.4442631911658954,1.2340150782090695,-0.8128602263776297,-1.6098265722409757,0.31501435266077893,2.182075847408811,0.4861456901856115
0.42888361044116935,0.0356743901145103,0.7317729707963082,0.5271724003081962,0.9162420721887421,-0.08278613081692354,1.5059094515212268,1.4275761134341987,-0.7909410731446169,1.0398046530099159
1.8069625620410408,-0.6989213316787679,1.2359685557228515,0.4648565202175965,0.8691791891637017,-0.7756165155398945,-0.5380819750890053,-0.7224612941295241,1.1713414645278724,-0.16895290165988003
-1.3083769857912253,-0.6640731498689225,-1.522084504912506,0.4429359718487675,0.8397603882565536,-0.8639230075673392,-0.9291735192135349,-0.5553494364751024,1.78445247482657,-0.25405673959786584
0.7396668558798059,1.1687873998659972,0.869398907589776,-0.059999306843566934,-0.22758276600972532,1.2648095939513326,-0.4200207110661674,-0.5627144259029665,-0.6951711315597118,-0.6372376901282454
-0.03163173515420824,1.214515343134596,0.2047992481533922,0.19735677654847678,0.34127666094290005,1.3991049322120275,-0.3433931148821492,-1.2185544774338255,-0.7270953240253204,-1.162804658017254
0.815904686708496,0.7434021055315713,0.9296634078644951,-1.2808568322115526,-1.1868498244350447,0.7379589801733278,1.6087932326531558,0.9903087617925941,-0.8790475967626773,0.882515098611424
0.1771117446651493,0.8168658636971707,0.5170551736874924,0.6027611931831699,0.9734760774229388,0.8739493679830231,-0.7239154026055892,1.4306642954520905,-0.5574661751814785,1.0551971928881172
-1.5530876217757823,0.827206280255999,-1.5213273435857928,-0.905301396560722,-1.0318576029830462,0.7231407923798125,-1.3313798858619221,0.7172450448987798,-0.20376101681369455,0.8087882942374498
-0.687530709942272,-1.5860006440222758,-0.5616377883860815,-1.24223866630811,-1.1943902566273858,-1.2379433383357188,-0.295518781658785,-1.630337380403765,1.4065607083475733,-2.098455441895731
1.7225553559750806,-0.10147010622765,1.2085247434851194,1.6634990784368784,1.2536762073502945,-0.3393674367107468,0.818645976144619,0.9660903193805594,-0.6549704877448728,0.9578267658839268
0.8950782156770749,0.9990786506746516,0.9786765630715841,-0.2906984551964668,-0.525501849017538,1.1920052466241717,0.02775569332877394,0.034013896343769286,-0.7868050407974526,0.40343815569260794
0.39769835818400906,-1.2616291585709134,0.7353467201506909,-1.1841880828553726,-1.1783831673890137,-1.0575657089980588,1.1800806028578739,-0.23597281551740418,-0.5044409285477631,0.0852814151388501
-0.774928499088623,1.1822734945687503,-0.9800032248201737,1.2026231428903924,1.1955736746576893,1.3850259209010607,0.438119653597185,-1.5700543502698074,-0.842260568990323,-1.9089726078028453
0.5742879960862546,1.7180787449391122,0.860840400597132,0.41458079594789277,0.7634266127251423,1.9710205414833621,-0.6044534276033445,0.449660364712302,-0.7813284837298201,0.6300895933338976
-0.7892468764602105,-0.10097964417193526,-0.9834355224572225,-1.035700772048099,-1.0909127283254059,-0.41329758406043965,-0.2164566124543531,1.5301632500876259,-0.21124126935261694,1.0421012122788798
-1.5351608762873226,0.048264603558404,-1.5105383095224196,-0.40588913565147955,-0.6966495532350275,-0.1276862132035127,1.6212498249382,0.48095325568419445,-0.814692384534303,0.7160429386410746
-0.11425647341675928,0.3366281644893934,0.3450456650444577,1.2887676307960831,1.199505464737447,0.08046412267434762,0.525035241395865,1.2449586146902971,-0.6806402613000254,0.9500515356886814
-0.8144134751851829,1.0691373743442845,-1.0035366324013388,1.596074464630208,1.2409310118556032,0.6109234907532594,-0.060953599123570665,-1.2305583734472865,-0.6574741078466366,-1.4815804514652702
-1.2234756802005853,0.6184780131990495,-1.3539661577429265,-0.1873189816447401,-0.6483260021903947,0.33537185870586633,-0.18206050481050828,-0.11972130337186103,-0.5009995827034639,0.23752348942291404
-1.6226657235349136,-0.40814898495803753,-1.6055221200622716,-1.125426048903271,-1.1723653547115178,-0.708945109649031,-0.03369915739865547,-1.468034055004942,-0.019767824972384457,-1.7260327062578966
-0.26552030670287874,0.9905562582361388,-0.06481602668381406,0.7239036586887023,0.9502942927033824,1.2409986478743653,-0.5856041344876819,0.3903631450322595,-0.6629549271901121,0.4707257875703771
-0.09508093894557161,-0.43046892172347867,0.14130591180681895,-1.4544293278452216,-1.262037158276771,-0.6830562721132355,-0.41666514475823985,0.11594908987667563,0.39671889410599914,0.37201484519011035
-1.075517388846244,1.2439787551261312,-1.2910782435224426,1.2344814944011095,1.1610986395648653,1.494114742829011,0.6828708411624721,0.7265910871522233,-0.8665842297094319,0.7554824805298387
-0.5463606238015772,-1.2919200380402107,-0.4780434045268687,-0.16010294990188084,-0.08069567824122804,-1.0506767706592375,0.4736169456992932,1.2838097288776757,-0.05814018088732558,0.9431086180914002
1.2912094504319005,0.14047993361653738,1.1197243698401163,1.4233957952812626,1.2394815162869246,-0.11665804574382223,0.8596557451453141,-0.6681417040151363,-0.6745145281616923,-0.4348992842616869
0.25577181079664707,-0.5623141859680552,0.618150553579425,1.4754963107880565,1.1718154967073553,-0.7781621511833161,0.3909330320962856,-0.616812347665096,-0.3015707057489373,-0.2505672428031202
-0.7532593861667864,1.3660361254280227,-0.6431664237254671,-0.054532093737983664,0.4999499499207934,1.610150114096785,-0.6240614057747179,-0.282228155912556,-0.7476758972469222,0.24062896805216324
-1.0291106013500375,-0.25446302165973483,-1.184735840431912,0.7151515192966479,1.0304688511593905,-0.5890036713682357,1.4396368960834092,1.4035515685070976,-0.709263776168287,1.058397071316236
1.5267810159758983,0.22659782150240496,1.1543579290697623,-1.1010513748703525,-1.0746441152283959,-0.14611173559776278,0.4368041502208638,-0.44044932873842907,-0.5597096484877951,0.038116796541084186
-0.46465728608901335,-1.3459614841362622,-0.2206894565622546,-1.5091902281344016,-1.2381222174990913,-1.040958018156622,-0.6247889939452382,-0.8183735879890432,1.60112872888687,-0.41297021526997
-1.4539685775008346,0.2979313092921989,-1.4855775196532466,0.7664202470026131,1.0243536828785915,-0.07061936949426574,1.297693306004231,1.2195381397881087,-0.763438960312528,0.8806685633533349
1.0500399836415661,-0.9811541374629154,0.9869200751855539,0.5983514478238632,0.8911751101126136,-0.9659045456826131,1.5651406160231809,0.8949555848551631,-0.6469000787213764,0.8184096779217757
-1.1304599032417284,-0.9489258516083898,-1.1847007240855618,-1.1802940373933961,-1.17248884404547,-0.9034556981010406,-1.7554439386259644,-1.620482831611189,2.2259485739724534,-1.9243694832384877
1.501833480079834,0.9813213985856903,1.190082634095306,-0.48195072777015197,-0.7900459044946763,1.0487096986596423,1.5064968844423123,-0.3927184030073043,-0.8989848876214005,-0.09878595295479795
-0.034815378618699946,0.28805676000182906,0.16009570254166205,0.08428875903785803,0.5249148373120595,0.031775698852420896,-1.690929581274203,0.3141282805662979,1.6611730253644583,0.6617819648327832
-0.7497884488695566,-0.7266073780799454,-0.9173979145797176,-0.6012613668421596,-0.9669174185377741,-0.8261375679198357,1.1727283483649455,1.6554977172709306,-0.5711670219902859,1.0814550127776847
0.1778073907678827,0.7788121208783937,0.6077003033163012,0.34805800584229246,0.8064973336110468,0.8166523403238845,-0.45080440827167423,-0.513640228783822,-0.5854492122863636,-0.206963540785804
-1.2546505559722845,-0.6504607415071388,-1.4693450542056876,-1.5045768081702362,-1.1681464865075875,-0.8144621247690818,1.028612623034039,-0.3928447942386876,-0.5749322528366825,-0.025788568969174627
-1.416250192494094,1.00822688141703,-1.5611318990655416,0.35813548345711477,0.8183816734766434,1.1612843863450661,0.21701394825568585,1.4321819502476394,-0.7880530217943053,1.0300043402360175
0.8937569630312892,1.4462984825553755,0.9680202485777368,0.34406294814752325,0.7540555629480069,1.60418383814001,-0.3324874363674072,-0.23625059769394582,-0.7741318566521294,0.21825277844373453
0.8879978044621498,-1.7009547468053123,0.9412023168127626,0.8061108579684905,1.0276460019967166,-1.224653215202252,1.1239362436661584,-1.3439970020734113,-0.44374666265747076,-1.2065349020143006
0.784223224930342,1.7310655829685193,0.934684491116592,1.040517306283456,1.1348141338293174,1.970628420591795,0.5781759178679001,-1.0195188697917357,-0.8861312371433007,-1.1325460612642184
-0.0016515685593347024,-0.15290612487591893,0.06541167924769238,-0.9111532272283456,-0.9915363038163617,-0.43608309678622803,-1.3665517928780275,-0.699832132900451,1.7461592619246171,-0.34408768551955365
0.6666783973275762,-1.4548312569409476,0.9065734257855,-0.8714665482789631,-1.0313457438612552,-1.1988617476512688,-0.6856795117627328,1.6685186880298568,1.923780337810204,1.132152407173318
-0.3431087853248934,-1.5282518413530504,-0.022784466658953218,0.5171818327845304,0.9128468329327586,-1.1637686292983906,0.5803615061964857,-0.5540027979487245,-0.026788574185201076,-0.21856739684821647
0.13575626243545177,0.6786794797957934,0.5787274237932211,-1.3354097788126527,-1.2046169764745858,0.6665610545339127,0.8467133832582734,0.22026614780235718,-0.8100291298894021,0.40594956135467225
0.590310332187994,-0.9692706052642724,0.6984318443346987,0.3064358440707415,0.585129549210379,-1.0521677755879848,-0.6841617953725557,-0.052570095428885855,1.6847585511606713,0.16677028807111768
-0.8444521628800306,0.7978499006133841,-1.1649538904399526,-0.965417474229553,-1.103328448630045,1.0674421980151325,0.7347455577999117,1.3166910037564363,-0.828873398016188,1.030088535607059
-0.1732059989156247,0.4529271436872093,0.34880148503911623,1.59121554116928,1.2414358690772096,0.21487341393373308,1.3599838568528841,-0.2141524777851765,-0.8258857926084817,0.1034705056639276
1.5702237785059703,-1.1127270409612302,1.2073213308958681,-0.8118340029494254,-1.029845762902099,-0.9971673118141036,1.1983532114138329,-1.4593988890449519,-0.492789623433247,-1.7499087547893766
-1.6831269501391035,-0.2164007470002854,-1.6181873491611953,0.14068759098000236,0.5925635334193069,-0.5181633526860844,-0.3823704465311871,0.13213746791260675,0.13395315371122732,0.3728058022905261
-0.06963835620266942,0.6076968799512386,0.1832818530764712,-1.3754472809047043,-1.1983947460823574,0.6730435005456863,0.4640884539449007,-0.17343815820148556,-0.7318161430478924,0.10544397282948513
-0.137171673226466,-0.32944353022120404,0.1889223277785253,1.674950500964666,1.288122418932677,-0.5259817035340671,-0.07765251347328092,-0.092431803322535,-0.24358380763215376,0.3806528369895818
0.4406413357694718,-0.16674525755195893,0.7393204082691421,1.5200618069146177,1.2512936705357578,-0.4931188508730582,-1.1615110483589268,0.34793549989221456,1.4773469660906127,0.5740305227925511
0.10804581639896704,0.5161470050339139,0.6321895879320149,-0.46485487896223293,-1.003977335329445,0.602181791908567,1.6012650646634456,-0.665636908413519,-0.8635343395885309,-0.5095598144490125
-0.7653516864261648,1.6308572187996038,-0.8305377699228079,0.2927542244952139,0.8303321820080233,1.871466355339458,-0.6301718868861086,-1.0596187665442611,-0.7347800772602736,-1.0918428927663266
0.09020161099418833,1.5605847165192626,0.48977900318479944,1.6165841671403647,1.2460195148224835,1.8339537549459695,-1.6309683118217366,0.010134845103751858,-0.5320746737080156,0.3302480286423828
-1.1550371287137244,-0.7031594679729071,-1.4285104129098254,0.9562972837797995,1.0871385034306091,-0.7153475904294395,-1.2409264661390875,0.7128540556955465,1.9272255955396838,0.7381830514565519
0.27303491185751655,-1.0484222866438742,0.6401973873056315,-0.09838051834424211,-0.13347620371004248,-1.037102107817157,1.0252222605536498,-0.5099017816690375,-0.512475043815801,-0.1729231380431
1.7549740169489063,-1.1634614602968882,1.2326431243028937,-1.5080289787524124,-1.264187965813356,-1.0267135569275139,-1.6653625013949427,1.0267672584636534,2.1984702168657044,0.9384587276141765
1.726141251690269,0.3397205094805116,1.2151436530312776,-0.6406220548570697,-0.8641815777483525,-0.0018100290674070683,1.574709383726131,-1.0554593610244059,-0.8226795367052937,-0.9089100468068783
-1.526727321524786,0.4203509814421003,-1.5564735735124349,-0.5061391170707891,-0.791294102001845,0.26600141886231077,-0.42083291875485224,-1.007226677066216,-0.3705359202722019,-0.8081407534737355
-0.2266436815204558,-1.1145180287079108,-0.022277384688746592,-1.105326269274779,-1.1776479565360973,-0.9508506243713298,1.3383631248454537,-1.6895248747780527,-0.6367056270813377,-2.166012943893966
-1.4885635265674226,-1.552364889389878,-1.5897434675379993,1.285548407965107,1.2194270221520929,-1.1842766559544544,-1.25612654311443,-0.3498776758230791,2.0831466248452344,-0.03509012884088092
0.2134115989879924,-0.42748271930960985,0.5719510845135554,-1.5920262909682403,-1.297600922841402,-0.663070618358122,-0.8912448752949302,-0.1324117992720052,1.3677048815011468,0.20031444779418106
0.3472342043751744,0.21698596630696018,0.6783186155276139,-1.6479814427093145,-1.2817168909474523,-0.16364484252301642,1.5933830411056074,0.18213335150600238,-0.7732309133816521,0.444067653716394
-0.45189736981812956,1.186762885056032,-0.437533038268185,1.2973971041731474,1.1498314104911886,1.4751705799106878,0.9793843405094831,-1.5537356514340057,-0.8839171632602304,-1.8874516502951837
0.5160534738685358,1.1266130118527617,0.6736947611797325,-0.5676758791138495,-0.7825145903425417,1.0469541980307462,1.4157367283215139,1.5248177990947416,-0.8823332565656266,1.0867588815359255
1.6359685311597265,0.8147935500847792,1.1648857311383731,1.1347540271757484,1.1330643260545457,0.7354387907608436,0.9226784277192102,0.6506643478557239,-0.7991950865460504,0.7137392886564861
0.19824696262215782,0.03114687797216526,0.5096340745090727,1.425626631661433,1.2329797002129217,-0.10621284870339943,-0.18410953672461147,1.143695295837322,-0.3552055475227191,0.8925867882149409
-1.2661942450375545,0.5560270415294878,-1.353980473803464,1.46644913680168,1.202772180604795,0.4144335142483725,1.5393048072617843,1.0724201597781169,-0.8564570437865873,0.9010131068527726
0.3633817605256032,0.677115593646956,0.6814934898601102,1.1278293664242771,1.1799151761384676,0.5775187067557881,1.6645041425697482,1.5612361918312347,-0.8667805578699572,1.0793886856505264
0.38729213446073235,-1.4891967052024373,0.6885857909439878,-0.5330099842114856,-0.8018844060857517,-1.1568258943737084,0.7999272767013006,0.06576673450725534,-0.3963234068363961,0.28583259773662495
-0.2157776491288562,-0.875853775032604,-0.13302764076340876,-0.2538816318081098,-0.400705377806839,-0.8010509044873719,-0.12068673455682166,-1.1824720613528938,0.10349440573318078,-1.8001502943143388
0.5663729531167465,-0.9247223256774086,0.8224131616525808,1.2314616184457208,1.1485668240649418,-0.9686952261044288,-1.3413737248347744,0.9708655616397016,2.08888301518563,0.8756204366836357
0.9155878053789628,-0.6477007255497091,1.0485198419351938,0.45082207085804066,0.8137128191461875,-0.7532448358290348,-0.22070561764259092,-0.46392661960117415,0.3263905385938362,-0.07979789527321479
1.000681277101067,-0.8127140657314007,0.9321065289930225,1.4542655747573345,1.184777417907087,-0.885085154622909,-0.23595662132754783,-1.1606190789492423,0.7309508701803737,-0.9201127364747513
0.9025420474909139,0.11706455979189585,0.982830118744203,-0.7309722580035383,-0.9927186333284229,-0.16046213473636647,-1.56404952090159,1.2085620578627732,1.7492892194187994,1.033116767877606
0.07686815658683695,-0.12176073454358119,0.5982586135053757,0.5931067223653876,0.9262068817762943,-0.3655655647384719,-0.54821297479021,0.7918846790367434,0.015894361480414707,0.7538816089152413
-1.275985478314977,-1.2101704658586345,-1.4357786120367635,-0.9414427222949855,-1.156494434591736,-1.0771794568907391,-0.2798647935757734,-1.1288516394327572,1.2337879803913112,-1.1143063387179502
-0.7267461032695807,-0.8387711790446566,-0.8428391288376214,-1.5919974083387924,-1.212312474126132,-0.9362646240809819,0.06202830096578314,-1.3035639235187322,0.11615450037069924,-1.5976519279419938
-0.7989953402908595,-1.5649483310018855,-0.9758240468902797,-0.41605938920140295,-0.6786775706038316,-1.1776316126728992,0.5575851708525035,1.2413201546815693,-0.04956031021613822,0.9418945309870195
1.1065661620516956,-1.663915584077178,1.0700163409928933,-0.8148446667756841,-1.033318712707695,-1.2468651049351276,0.534569863398674,-1.0291769166945741,-0.1314698908673923,-0.7313799819425222
0.17705209278965892,1.3923871726669548,0.4997464301008487,-0.6368964860914799,-0.9945051397654799,1.7694047828700588,0.8455803682456307,1.375596015406711,-0.8955444230700669,1.0250689707681362
-0.9733450053969099,-0.6562123335854049,-1.057349680590752,-0.4245761012509119,-0.8185046377147354,-0.7746435915572621,1.5876301609499834,0.2346354680678259,-0.7121570254100869,0.5866364686213895
0.3622246745868665,-0.9195375415158185,0.6186175542769121,-0.9811121722517184,-1.122924995783444,-0.8877318521715788,0.023719107620908775,0.41866672021038653,0.2905941023066674,0.6882097172572312
-0.46091585158643167,0.7774505159964211,-0.24740744907224801,0.6098659340125896,0.9762374346503244,0.7697261457853115,-0.9145700199804374,0.7467275599554739,-0.42290793148571526,0.7163789353546854
-1.7036813928941883,-1.374577738189391,-1.645666261194316,-0.4299252865747949,-0.8127526708307682,-1.1233352903364848,-0.3044090810136413,-0.6537202455469706,1.5149985447360457,-0.10181224841738871
-0.8295942511016852,-1.2849977168365196,-0.9718617754147553,1.704353463344456,1.2976691824419884,-1.0603045611763717,-0.3469367897072588,0.2992537979289184,1.2743518223084631,0.5001844783279897
1.705312477422881,-0.22077936055801242,1.1938446760971966,0.2812332161267477,0.74640354430018,-0.43947448195318245,1.3216129276070099,-1.741038451597486,-0.7448020949882405,-2.224756081069928
0.7753159240907873,-0.7353639662015987,0.8710211818453524,-1.7043403874985965,-1.2812026380970492,-0.8702442853849953,-1.6874969503076094,0.6098272230859755,2.18700282261364,0.7405909398601633
0.35760780420277893,0.8196334145989502,0.710136821638909,1.0326592617406807,1.119453596046893,0.9385577510043362,-0.25836123509031605,-0.3866500364047283,-0.6309424167091455,-0.03852797746819178
0.8270592235189431,-1.6594425053172421,0.9142779552453596,0.5719262559291908,0.8696948808956451,-1.204543701797814,-1.6028076433659804,-0.6059407812615308,2.221814808193559,-0.29427664597348874
1.6174318781984949,1.4928042716780416,1.1942765164338458,0.3165061162893885,0.654215755964493,1.7694001979711018,-0.2995683202030702,-1.0208093702165864,-0.7848372561986691,-0.8499525871091179
0.43566931650213414,-1.5785371450351366,0.707599437989405,0.0583314227624544,0.5041061372778589,-1.2745208259567302,0.8298837099799796,0.3797234270712788,-0.12822936774924823,0.5585361347499181
-1.049977083294331,0.6012961773022979,-1.3718111927068692,0.5504420066654016,0.8360251278661547,0.32762701759394924,0.6139692506844112,1.7196672953228909,-0.7448255337544563,1.0818815343127963
-1.3709234656476177,-0.022227033416092123,-1.481301512252692,1.6031616950699186,1.2561883769944175,-0.26831010065930605,1.0524241521282105,1.33275593918628,-0.6850469631857999,1.055706838695535
0.95435893653621,-0.5377063197709797,0.9861909347612585,-1.2746202108037532,-1.1848102552562774,-0.719550989023831,-0.5754325644906029,0.5912407250708728,1.090035290587887,0.7242742459859609
0.6600760112684163,0.6652538662769591,0.809537728734946,-0.24175518802261137,-0.876379872828444,0.5001530368071752,-1.6184543035969872,-0.6731402263597582,0.9353028195608686,-0.312855703048657
-1.3366390562948807,1.016838056596796,-1.4601898564925735,-0.43610560653814145,-0.5469441008293969,1.0068187775670303,-0.00812259122179975,0.2955518427272172,-0.7248072058265117,0.5344748391056063
-1.550947102316599,-0.8762280715580605,-1.5574946354356076,-0.3693732613617781,-0.9054747752867678,-0.8483237444149703,0.27061282504946427,-0.6031062502852425,-0.2531480384414827,-0.5635084284988834
-1.3744205976212953,-0.325127317705103,-1.4444523132465772,-1.1967526794347647,-1.1616889818049414,-0.6284236453403023,1.7207891451261084,0.34758558585335636,-0.7237715980480424,0.5684508368271075
-1.6963388866779259,-0.41687071465189535,-1.6177141934664225,-1.1729118499976428,-1.1233147448389444,-0.6954098958669683,0.6535868003873821,-0.8506339457886204,-0.4932877875812428,-0.25122332501231204
0.43225363179864035,-0.4721161777150935,0.7123612648219309,-0.9218607857726899,-1.038696716259161,-0.5630853055914165,1.4091603584925707,1.307392097070487,-0.7236668516027857,1.01218272364597
0.5036926819511934,-0.3667977574035258,0.7923448372298973,0.20042065802177397,0.681033147768499,-0.49750406659570146,1.695864033105377,-0.4462491652318571,-0.7433063976233201,-0.06849677872523274
-1.590560563596075,-1.2163583779725975,-1.5977659445523298,-1.301843057954523,-1.185229690417167,-1.0024614481109233,0.8463986604267398,0.04797287306881233,-0.3953656001204443,0.3012360990557626
-1.6943231413700548,1.5907871604474153,-1.6631760419000303,-0.8361209687353751,-1.0458757847508626,1.7619960172398614,0.45812526103928886,-0.31690327806217067,-0.8699448284598357,0.022017017274734728
0.05510305478054997,-0.9493741011107615,0.42779503062019403,1.0988902652228474,1.0182514028458087,-0.9163200186444619,0.5004460823499884,-0.08941146623720259,-0.29261300665351725,0.17411830008126236
0.7694480289258651,-1.6501777012005725,0.9331931868026166,-1.6221032154308743,-1.2298217808656031,-1.2064071773372458,-0.16290663798224833,1.1028250399921453,0.8734404599559966,0.9745344300162047
-1.235845699124293,0.20887995045753968,-1.347078283211303,-1.4782095602808223,-1.2460870017945032,-0.11607960473789064,-1.2932474509218579,-0.4659299467303424,1.4615006341163423,-0.056016091448060225
-1.4800930877507796,-0.6892450660163133,-1.5062990832165954,1.5938941486162805,1.2726444429978612,-0.7613818525175247,-0.8415385092653621,0.49692942831744735,1.550228005930598,0.7735199601012781
-0.489020411754527,1.4781367613340777,-0.34962960987690617,1.2379515106424979,1.1804309406163398,1.6378420895152814,0.22246202504522508,-0.8113423426367031,-0.8174146978540962,-0.6704027718727318
0.5221353322302803,-0.7676172112202833,0.8063721067192873,0.2613350597305379,0.6203807029406817,-0.8459506673008534,0.9386612793088526,-0.7538775738510031,-0.5255991822037401,-0.5956808249099548
-1.4005537388494926,0.7066575671677457,-1.5566888325848736,1.676817002007056,1.2690154715744093,0.7268956740320573,-0.3669444362466557,-1.1612479528751107,-0.6425322084127068,-1.5665694042217115
-0.5775131101739747,1.6929221004604162,-0.6055571922620575,0.4007982726967803,0.8249697078562825,1.6643558628590336,1.3525294863281332,1.0026665126497858,-0.9225834845474646,0.8634881511133305
-0.5182103593979468,1.0995681967015611,-0.45624707795414265,-0.9191470398043845,-1.0835583268129607,1.0062363276303448,0.7298617652068328,-1.0076921997617798,-0.809367638947012,-0.6911212146244684
1.7852878295204229,-0.8100286520385128,1.2504118166983622,0.21797954322036195,0.62229976235124,-0.9231234785640826,-0.7021962366317427,0.5725909784173778,1.4551081031613309,0.6132770003321989
-1.230208947359933,0.9291740561241972,-1.29550128541069,1.0300413479218447,1.0433521059022166,0.8982548596081686,-1.3018762213369732,-1.5586586627421506,-0.2496304876943885,-1.7673459438497554
0.935916983610303,-1.2711983657307908,0.9802417028144303,1.5897089681543193,1.239999032720577,-1.0730032018285538,-0.1875328503451145,0.4027979720479228,1.2507988011277544,0.6060493924272312
-0.8614918630652209,0.18176778376894961,-1.00637123035709,0.2789606749237297,0.7438244891575799,-0.15196136402300459,-0.3998372131327882,1.1076246318841296,-0.25794182470986843,0.8872959165797031
-0.7943010176609838,1.5953926329346597,-1.0896014764829598,-1.5986242066643914,-1.240167333808987,1.9280856364806351,-1.2643808926422382,1.5762977720012925,-0.6732312560283044,1.0734112860013152
-1.5860827472462398,-0.7163741187824867,-1.6014054720676036,0.21140723017942942,0.5485361857978083,-0.9014437808407879,-1.0938566451138467,-0.6437238492079951,1.8823958214780405,-0.24833522382847564
0.8370073872673363,1.5541600702006975,0.9117854974208087,-0.3904609927113911,-0.6686594232837307,1.8258558562567007,-1.3007818438107746,-0.5620062467118253,-0.6480690531308141,-0.285066028407532
-0.10847796369834045,0.5063089510121921,-0.0232379412744782,-0.2213839287402911,-0.42650507673291693,0.417574676971647,-1.1061915818395733,-1.7454791346207092,-0.23097312257889904,-2.5520324905335974
0.34819434915460173,1.425058344722009,0.6731946834632601,-0.8420923936321913,-0.902237818544217,1.579617131899673,0.3293128668326144,-1.477298387488547,-0.8593439404820181,-1.8795290101246944
-0.8962421518962952,0.5959909473355348,-1.2540703567363107,1.736746551377136,1.3044614810540243,0.6075232508828541,-1.1985115657845655,0.13977152303220014,-0.23726380310253975,0.46987570311996535
-1.3135493270764869,-1.3392021544908335,-1.483103223268556,0.25180589462525654,0.45750819969966217,-1.0680359154043113,1.4927970577395944,-1.0952584618894952,-0.6638613038117074,-1.093582469975728
0.5250392563089686,0.23446997710330017,0.8074159721527779,-0.984921124263629,-1.1154757374703477,-0.03604703597331134,1.0963706289535935,1.4041074740476256,-0.7507955021660039,1.0266927434162263
1.7290365086940533,0.30709361142752956,1.2025769784985574,1.221253299061877,1.2204296462641744,0.0635936036170853,-0.9967102590900311,1.3598857861670608,0.35823059849091343,0.9902177026451215
1.0021944318831433,1.3238303777967555,1.010954376050072,0.2378754103744448,0.3163689032166217,1.6155184289096647,-1.5124100363049082,0.0801094777367167,-0.5138565189110509,0.47598337410901326
-0.46201695487594896,-0.9374409679562301,-0.7091819325914949,1.5665116117302567,1.240451173928768,-0.9182892613578464,-1.2031326200530195,0.9962634855788551,1.941894331187735,0.8724803506050709
0.8289998337186916,0.3272987688173806,0.9179764133230425,0.7141927488131037,1.0280459359233833,0.07862128141211631,-0.4592844459674208,-1.0214893727336616,-0.24885010673348937,-1.046692329061008
0.552527622918988,0.19972729045912996,0.6901897454081439,-0.8233953739211921,-1.1480020210970656,-0.05070087742273317,0.8260860874342227,-0.3296359207982233,-0.6953554244358314,0.02100967222464998
-0.398173453997208,0.9974945297377308,-0.6025912327059348,0.3894801235456509,0.7368361982814313,0.876000553935741,0.6382955085707607,-0.48299315713953317,-0.778570799248658,-0.2523825759776089
1.1921403132085533,-1.1183701124870338,1.0799073885750359,1.223210077799191,1.1975033732110039,-1.1136477988765792,-0.372753428077563,-0.4521828961067241,1.5815211065241395,-0.06515131727909257
-1.396517921535955,0.3192183325311206,-1.395217408972681,0.5205124909331565,0.8830579953823811,-0.08975047258100632,-0.9069737617650624,-1.4469431411660485,0.3739055254875138,-1.8620718425584155
1.8020860115548152,-0.9434283600753818,1.2721176682317674,0.42225833304302485,0.9280864762031542,-0.8416475845392807,0.8134944823928691,-0.8289242999882374,-0.4704256656333428,-0.519939952798695
1.2742429702368094,0.1911826277154489,1.1130814925467258,-1.4426422361483935,-1.2484599206344393,-0.1680737972235809,-0.07866094929488018,-1.443402998316841,-0.2929854112073745,-2.137711626446911
0.55947356882734,0.9169035071526017,0.8704538772650715,-1.6496437448804917,-1.285066302969336,0.8093626348539646,-0.6047073850582245,0.5865672875948256,-0.5659844617993548,0.6810246109870507
1.7184570816137181,1.53667842052255,1.2425666389026553,-1.1712623264551327,-1.1052260725602938,1.8494914943282403,0.49933555329325047,-0.7933197988127717,-0.8806773328467749,-0.5272179265584205
1.20124917436865,-0.21646214837168384,1.0561979407320095,-0.6157750923447977,-0.8028147923422881,-0.561184936150649,1.5019348648077522,1.3202945627345626,-0.7336756767460837,1.035274990512714
-1.5601912798379853,-0.16214175620029758,-1.6221805141228798,1.430178937471443,1.1971918819985614,-0.4868976531655853,0.6300943178743168,-0.035932768382006666,-0.572185447592112,0.16505425535255083
-1.0578228640027698,0.2851697141332047,-1.2107521518867856,-1.3494426292465085,-1.204619682527478,-0.024562545938042912,-0.07267040705026094,-0.02099962906847993,-0.42084722553650167,0.29034041215735595
0.4028755855521003,-0.999973134873681,0.5987697267785129,-0.02020490035672229,-0.1949703855937356,-0.9835268596841809,-0.7963013391191238,1.6106690199038831,1.7185929591584164,1.0420090569674096
0.6566493038943289,0.1805128981369722,0.8644571182205053,-1.54184324029703,-1.2262369234103618,-0.03259505642010476,0.4012253264373129,1.0899470845731438,-0.5614522526750929,0.8964527458910715
-1.12228957700161,1.154764107482392,-1.2417246682754675,1.0475461082862936,1.1257654848328242,1.5599238865085336,-1.0746455197855056,-1.4808705829870683,-0.6219844328173809,-1.7613781761037106
0.8956562740597085,0.31994489147092897,0.9681617515827601,-0.661324459979272,-0.9843301916189743,0.1187569844552534,-0.7640243936282469,-0.6261513728957891,-0.1616163752948932,-0.2830992424729892
-0.45161612754223257,0.44192371374658757,-0.6087654439324289,0.9384452981552173,1.0726314504435317,-0.14590335401796792,-0.4394718767340012,1.5509929620825436,-0.19722613405326495,1.0812981588027315
0.25183260793159845,0.4627567922742331,0.5573405588105174,-0.6708460971156945,-1.0438427380917257,0.21936597092642088,-0.696932646520592,1.7182371907270144,-0.2512662572002957,1.0698340080795683
-1.3400380560586032,1.3732792409919774,-1.3409580551273266,-0.42782355051231696,-0.8726366727188444,1.6918584818080395,0.9486112814218408,-1.5123695207742964,-0.9054878318816976,-1.9151301713099387
-0.8032874121815329,1.5784290590130745,-1.1516349963900367,-0.2934946894023432,-0.600175624381074,1.7375590631482265,1.2418100136309365,-1.7291225704947213,-0.9209946896386056,-2.371092990232801
-1.5408468274843958,-1.1938694072258809,-1.592541102835645,-0.46599428760365535,-0.6603270059986414,-1.0631545322989873,0.20157138610457656,0.9805794345301543,-0.020216135574906084,0.8774182778932985
1.2298172181883804,-0.5469303091833808,1.0075826027064423,0.6675274500396988,1.0146501446145408,-0.7360078078371033,-0.6058047898855262,1.0154991263725437,1.0856900764280926,0.8944845775358465
-0.9557750965847006,0.6823919684825073,-1.1558983579170763,1.729696938781431,1.276831581084886,0.599850809160893,-1.1212666913266849,0.9550572771854496,-0.24748528587140706,0.8776194418630399
0.5618161821815121,-1.5895412949036605,0.7841600689592896,-0.40336357194272077,-0.7537739117367517,-1.2207513565524843,1.0861278148667624,1.6151330106370763,-0.4406525908950781,1.1255604906327574
-1.4482947404145725,-0.006330462978100373,-1.585148324061193,-1.5844411489529637,-1.2711356841317285,-0.19947764986266636,-0.77467613355688,1.2611577731005543,0.21829643684314137,0.893664980440285
0.49862878842354075,1.3444671754359783,0.6643649220675135,-0.005170837185076666,-0.07399558112344043,1.54842781515294,-0.8479303509944582,-1.1383158296965084,-0.6532997074875267,-1.3453811981293826
1.3098711819104596,-0.5815299330366998,1.0840271516255982,0.4647834004880088,0.9199893693310861,-0.7549909611685108,0.2897440528785388,-0.3283191457379695,-0.17049880133966167,0.16654454251604242
0.7197328853171809,0.5300724391769261,0.8901652430029119,1.4374550460383302,1.2304144541339757,0.8383638428993303,1.514707691472584,-1.4422635391801693,-0.8806380755509405,-1.647610868389525
-0.22136216919330082,1.4882651025855056,-0.012384302439820786,0.5763340457938309,0.7988906214078858,1.594053770277153,-1.1915826521325505,0.48511528325124836,-0.6167986908166966,0.6703044416851658
0.24391665804612153,-0.5526778786815448,0.6007212772575131,0.17604822302827075,0.638642295472133,-0.7415863680301621,-0.07600683649946383,0.6392820050986353,0.026245658855556214,0.6977021935682953
-0.6471286404086632,-0.9132734967865184,-0.8566557495947597,-0.6438097946916089,-0.9526951789683465,-0.9612594051566143,0.3213989433059734,-0.5662605537073936,-0.033458890457903366,-0.22739013148533965
0.6423898057655905,0.8211743236024875,0.8766147095537056,0.6720610955141714,0.8709529096761174,0.9835995769211583,-1.1301218064744012,0.07686323923872708,-0.31438248977968647,0.3183572071057964
1.5723803327064365,0.5916231745144195,1.1466208965554467,0.06310043503621879,0.44003737125217196,0.5080377953221812,1.2361383982646263,-1.1101507026657786,-0.8292144777534383,-1.4763581456004424
-0.34956537348413985,-1.4546163276137962,-0.24365572244542805,1.2506023078635846,1.199058064844287,-1.1757491952419976,1.4172314488394038,-0.2793487315901772,-0.605237764151297,-0.10796373954700247
1.4281389054568403,1.7016271901973707,1.0774280544932329,0.6814614386943486,1.0023090668326378,2.060005618927232,-0.5253103146821091,0.25386320115618866,-0.8040782149664506,0.4321320385909351
1.6049285995506553,0.3001517751928348,1.2025243245049948,-0.2423271765008238,-0.4694258852415025,-0.07271827044850547,0.11642168122558963,-1.0034554096046493,-0.4575387774112477,-0.8243741234520388
0.10156682890139819,1.1781268352346024,0.36563346460014434,-1.5528480214514924,-1.278443852768693,1.2328013594730483,-1.0774625017161503,-1.1434666603497332,-0.5755719957162521,-1.139304690836594
1.7966931901287193,-0.47883243943091564,1.2281704809891127,0.6685468701001238,0.8995903319012065,-0.7265307836258849,1.261738999801427,1.0956146076930544,-0.6545371597354368,0.9303611379646533
0.09119715474949507,-0.7699754333687107,0.30120192747498886,1.5215569974275864,1.2485403091830902,-0.7615424127785824,-0.9911049961270086,-0.7653914043004321,1.7562585620021218,-0.4183592807100291
-0.8045137295951004,0.08187566934168738,-0.9901446604430862,1.211631089970848,1.160018032673508,-0.2568165364503505,-0.9432281972512185,1.4274814317178839,0.8878066267634398,1.0370772711033471
-0.37387687844691353,1.0671086140765258,-0.5681123769335727,-0.6445933991185849,-0.9395168382331518,0.996552899304577,1.6446967188119002,-0.782561493725584,-0.8974538247385767,-0.6478395665082828
-0.09439632653542236,1.036467880727313,0.1192527415785079,-1.0099432125045371,-1.0966563049228182,0.9336724894865452,0.9901512034198382,-0.0771342463117909,-0.8570636718949493,0.23650386346412736
-0.23748451914038918,1.6125164866763155,-0.07949615465833308,1.515136832043363,1.2370754486597269,1.7913087209465501,0.294618353079552,0.1465507513907267,-0.8477948494810065,0.5140886292506442
0.42408151812117856,-1.6263297651685586,0.6369149924976419,-1.152895949659343,-1.1516972969616475,-1.2697814142751356,-1.67757966933558,0.720801979459241,2.253782877936844,0.7320937904603528
0.18577899769356213,0.16198142758305595,0.6336486842139107,1.7250179154658274,1.3118918936976671,-0.21824573632473643,-1.5513920639251104,1.6536409131915748,1.6988858931106345,1.11139083317952
-0.20462907604911412,-0.5177535663248416,0.02025525598135023,1.4198518446218205,1.2157248068247168,-0.625220336313002,0.8156396368713691,1.6205747969480317,-0.5913566160008414,1.0925672353098512
0.5600769312004006,1.0187996666090382,0.8343448989201868,-1.2317731536223955,-1.152363576519378,1.0278877803762358,-0.32766204342511795,-1.4511447625086693,-0.6764355410512404,-1.9084796247923441
-0.3083631067724408,0.19587942264631633,-0.30509949589652824,-0.8574441305672125,-0.9704963780096683,-0.3380704078676576,-1.3202570258267985,1.3809511809646318,1.681400014640264,1.029102771577601
1.4990058503163302,1.089991010478536,1.134307971792705,-0.6658859940245044,-0.9631482677142768,0.8924185439648805,-0.03729702644954113,0.28593740138255147,-0.6935651209537954,0.6167922285651628
-1.074130839397528,0.1676146062359938,-1.2701764311846153,0.6735526221603635,1.0427560205954682,-0.09946289422487986,1.2809642483414359,-0.029524788067434075,-0.7755503413950987,0.33807721220925707
1.4408491673617936,0.5314737052298083,1.1644530936607709,1.3750275299196573,1.2230249644943745,0.2218899171635914,0.30472520758469535,1.3234965960354597,-0.6874648464172641,0.9660616939406725
-0.7694588598433654,-0.8289441050962209,-0.8942738696707901,-0.3299937688652339,-0.5934694019158,-0.9121462866685727,-0.9453451210817507,1.4231433334948318,1.8214484148187986,1.050290211423672
0.5105591847016795,-1.5429604736035458,0.7932603149970218,-1.2463515384289785,-1.175589618290209,-1.2080130783881875,-1.056149385727977,0.015473625925813545,2.1223279746651342,0.4815941680563334
-1.3254397784599619,-0.755045413059227,-1.4625414427165444,-0.5785744008839713,-0.8411632378761325,-0.8496694089375042,0.6126397371214936,1.3947425384356604,-0.3853603314245195,1.0478890281309752
0.6510307890742348,0.23934205162124542,0.8689527238968299,-0.1815931744474628,-0.4685195768539089,-0.15145265249249243,-0.664174431334722,-1.1439769809437346,0.14917984714623084,-1.18735762608491
0.05281393648408408,-0.5489567340955163,0.37082951602988173,-1.5501894858656668,-1.2551155598318953,-0.7833479801018637,-1.1620979727779568,-0.23775807164821333,1.9739275320373373,0.06112986329089881
-0.960039073309501,0.8952474564817535,-1.448837372093578,1.0992220310821208,1.0701301148292293,0.7352553304260661,1.0021299788596556,-0.3483193353707449,-0.8351833825028429,0.10068168636993416
1.1330950456060036,1.6772271523486477,1.0462295254145069,0.31705022063011956,0.840679295391113,1.8864607037546586,-0.22410502547051553,-0.15342444473920222,-0.8267986356660271,0.28334715969242086
0.5961639943414173,-1.4210596893569742,0.7669428088005514,-1.4956690231833145,-1.2756497826445097,-1.1256834246468175,-1.6325071841623877,1.0502398163649083,2.2300189209009096,0.825455839768804
1.255846857298458,0.926367121696025,1.079758837246093,1.3538743547772238,1.2014149343357448,0.8726158751026218,-0.46008306094198825,-0.8900226802813569,-0.5896096419201219,-0.9055100801120816
0.3648212814774102,0.6702110301940163,0.70718294829485,0.7098542577352178,0.9709351141805074,0.7192524730084219,-1.5502420752547645,0.440437052673972,-0.07243729627062233,0.7227334920856188
-0.09044534772570659,0.5417359004314376,0.014469822316016148,-1.180873055091191,-1.15808257434964,0.46732148963044057,1.6346133764596675,0.9893694122788795,-0.8550311887672489,0.9426764069769673
1.037170116295663,-1.6026698569601157,1.0397142326843065,0.2872554636949543,0.7248625706349537,-1.2332501970020093,1.3154603468382584,0.41220285346465285,-0.5006887294019211,0.6813120530214833
0.5487959188874915,-1.4678081074314282,0.7693098096589053,0.3177536369902076,0.6384026101458068,-1.090523189340719,1.2426867125791257,0.12469988991880054,-0.571225442177242,0.3351878875531918
1.2999349385528327,-1.578131731032782,1.1293386780411674,1.0942650821850786,1.2085582290425378,-1.149787760778048,0.3798374403661172,-1.5963786162336846,0.00312297748263677,-1.8960015428342474
1.5347742978370704,1.3040241508542587,1.1460400287282844,0.14380599154367074,0.22060451422127064,1.4920480625668169,1.0300740180092156,-0.9979974690335903,-0.8902776332104249,-0.7673488021256134
-0.37879080354775313,-0.7159518458798114,-0.3038205959111128,-0.49675641105796303,-0.8630454856260311,-0.7604480153163108,0.7419234647946757,0.2571592483581985,-0.4690610541707992,0.37757200625668824
-1.4569883640800887,-1.0221603367887924,-1.4295915802182142,-0.19503324347349457,-0.33225744454534245,-0.9718500221921527,1.0521515431239394,0.579070025334559,-0.5395665406156003,0.668918249011003
1.4075113465357605,0.43577890092477634,1.1568950375963087,-0.11790800656921183,-0.24226672363342,0.07591391868142827,-0.11250035182889727,-0.9943496894530477,-0.4867859960255615,-0.8222115299293656
-0.5197793450459512,-1.1927127178804717,-0.7997319522192565,0.58708990392817,0.9732498392233982,-1.0901195655217728,-0.5196268574976979,1.1019214961604047,1.5326511305813564,0.8647319087038298
-0.8691139777067765,-1.1181321330257927,-1.2751736638811941,-1.7297618291365808,-1.3006063616334576,-0.9669493157024339,-0.8712819504455648,0.2615211762837512,1.72793448076222,0.5392495406167406
0.9602845308851955,0.5565094575248303,0.9344023517822114,1.6704471703250903,1.2755875540823578,0.3620536238737832,1.361086858810224,1.153809362329575,-0.8203836191769841,0.8692794014246816
1.7707013924898651,0.829718769461654,1.2556023259486826,-0.11713216259037379,-0.5482313682726615,0.922163335503547,-1.4709256970394966,0.4114153532406199,-0.14087103741401566,0.5829118774683846
-0.015197970610969336,-0.7879821988287434,0.26977608578825096,1.0342572652534872,1.1026644446610485,-0.8551687270387484,0.5741063772061643,-1.4879946422178114,-0.37020258735880984,-2.0409110346725536
-1.0596518842604763,-0.10514512415502733,-1.3900984651655957,-0.3762824586092993,-0.832134432315102,-0.4594240590545981,0.17340639961288992,0.39544498666274275,-0.3968321762278523,0.5989320811912574
1.6354425900987082,-1.4142058160662347,1.171566048265715,-1.6322391977178503,-1.2489963521711953,-1.144809561929395,-1.1274068522177885,0.6079168255150764,2.0897333687642976,0.7165942178815798
-0.9544524589269641,-1.494781927205213,-1.0849448409146283,-0.5420971248143497,-0.6644837085700785,-1.169112164716175,0.7601316975655177,-0.8058220277662664,-0.18286200170679143,-0.38818528855837325
-1.5006519515967622,0.9813275017576321,-1.5943283665213641,-0.3388749224552511,-0.7723562183729715,0.7747013609688546,-1.2543397848871587,0.6551689015610215,-0.32366671315126283,0.7896630947303254
-0.8032734012771259,-1.6396532172313127,-1.0622553866253583,0.7698449855735987,1.0159331643261897,-1.2533269679749386,0.40271735684133503,0.856186030273315,0.13924418047346843,0.8416423368322796
-1.5504394870562919,0.1713214030678393,-1.4900165093788489,1.1315359188618412,1.169322571507386,-0.13370757490434917,0.942326041481805,0.05863837138569119,-0.6734584903535807,0.44023758035957533
1.1101472814002504,0.5819734706029687,1.0604273905529946,-1.1793470470595444,-1.179476439547037,0.22410285283373563,1.1769423491756135,-1.5180681651010526,-0.7874933171250781,-2.343121072605332
0.7132897101574351,1.6496695858161294,0.790932001129447,-1.5401290252812097,-1.2695410739883441,1.9501189723897747,0.38782819200369817,0.6532679522613366,-0.8813017010841379,0.7097274312236254
-0.7173261160911593,0.6881357964738438,-0.5247386634901716,1.2427160048492725,1.2202013578059956,0.7136595739734574,0.6119830747729489,-1.005606965118737,-0.7725669235902134,-0.638871892216435
-0.7669714705257092,0.5314355824889518,-0.6340431021228521,-1.042732339123092,-1.1239974624617535,0.48976069303036357,1.6536124189730244,-1.4877510175465631,-0.8546403825711584,-2.105830077330604
-0.6310752886251333,1.072604943435094,-0.6931295799458527,1.2135801659859067,1.1828501893005423,1.1836889533805706,-0.5936752086449876,-0.493650188160011,-0.629260091669648,-0.2938250326091156
1.1014028677878407,1.4403979341415434,1.0206243067195613,1.1011760745023482,1.1850295739508887,1.6215844885815882,-0.17508087298737762,-1.6567557716945998,-0.802506902196483,-2.2749880490953474
-0.736634382411824,0.2518435972410061,-0.8933265015521661,0.8417224847706918,0.9305282899717386,-0.024175712450221796,1.0083774064457325,-1.6597669616547512,-0.7149430680141963,-2.190896354522461
-0.437147601789816,1.5514424313890147,-0.6415991842147635,-0.6164767930477327,-0.9119304199867769,1.7235054652897461,-1.3162463268426687,-1.049645886568875,-0.5944881018383744,-1.3058343946064792
-0.9436904153072425,0.47575940597278177,-1.1979408146556143,-1.5089896203932818,-1.2349470436111178,0.3776985102301927,0.4336886656899539,-1.3197422613371907,-0.7015959827055669,-1.2629986563699853
0.16063201865840407,0.8070931193608919,0.6548084250889105,1.5891914118131083,1.2342556002732226,0.5085331102188412,-1.4119123907391022,1.1238080460133322,-0.09410755563386473,0.8764304824513738
-1.177220657594605,1.1578448869755076,-1.3591048596819533,-0.06364733690715983,-0.3678459113764558,1.3406678386892277,-0.23721383157855555,-1.1048399295596998,-0.7472534992992999,-0.9801149286418374
-1.5593859727493382,-0.8022529582740348,-1.5728886611787791,-0.7571047174541747,-0.9644165609967098,-0.8165941947096289,-0.14393160743239033,0.89661887684841,0.20101287889697592,0.8206927358310722
0.7135880560501564,-0.7051677313526408,0.8625840568905531,-0.4263839610771068,-0.6699223597769696,-0.7671578602348996,-0.06806327958728751,-0.5088447463614018,0.01872542203350579,-0.020169665462353693
-1.1868340246797748,1.4338472444660613,-1.1089716774988665,-0.7009878548719839,-1.0299486679530254,1.61908496326278,-1.650855646747339,0.48119511915498314,-0.5358439754805349,0.6837779494085165
-0.556758427581858,-1.587387032505976,-0.4405993072284522,-0.3344210652038519,-0.45735969139182037,-1.1930751028395805,1.369703674836025,0.6894889583545561,-0.5723018243060826,0.6582442519764684
1.7018797582953467,0.6244164811948393,1.1939788553731587,-0.8532959078263279,-1.0531276911331646,0.6409757128214248,-0.6275914498559274,-0.6325073953582196,-0.4754298407555416,-0.3270453429732356
1.5288661614723746,-0.30205114030718416,1.149459949989871,0.08959338173730648,-0.26563178829085465,-0.5280624386926636,-1.7084673757293387,-0.9662619403856919,2.0705010847981167,-0.8703853191270757
0.800573024881266,-0.3700670261823462,0.9073268554776616,-0.3739713361056959,-0.7719504026551096,-0.5010351023485835,1.4971912793763469,-0.8890418986422144,-0.7303360539366325,-0.7374643388346769
-1.537072702730422,-0.16259962377327325,-1.5637918291314974,1.5072100080024768,1.239923042755364,-0.47061981939559183,-1.7238960690736953,0.16026681156745828,2.007681243055367,0.3885348957540106
-1.557575946701472,0.48575546572079925,-1.595632464182478,-0.2949967812976114,-0.6089437706506071,0.31522239808409946,-1.1543652943897302,0.5454236022437755,0.20954762694929838,0.6652349836454019
1.5205869800393725,-0.6327652159037019,1.1748415318725698,-0.2658816650469656,-0.6421794113365848,-0.7369218904545283,1.1963423807751252,1.2028993722802808,-0.5783700818202543,0.9078421332100286
-0.3890824022700717,0.8227351128165232,-0.18347616527376803,0.11788653332076537,0.25614348056039055,0.9062237265937297,-0.46374054663431563,-0.5655976635062494,-0.6194408962803586,-0.6092269068753415
-0.09468094665544892,0.33320147430679387,0.10492668227498476,0.21596677355106367,0.775897852288003,0.049452940606311745,-0.14365108723697706,0.8196753257626815,-0.43570868439680577,0.8678836072618068
-0.3140054649626281,-1.453858785452712,-0.14907649624928634,1.682999820058777,1.2744216442018226,-1.1218749238925099,0.9335723765712511,-1.1681391043919738,-0.39053960676724914,-1.1590441939630933
-0.5734075864102787,-0.9415590479285351,-0.4958631189562507,-1.6299511809192868,-1.2912878191683894,-0.908062604588188,-1.1998798672451259,1.359762819033851,1.965001473541071,1.0090758181382444
-1.6433910761282808,0.5728273076616951,-1.5417641544210139,0.13241871128816973,0.4393957955147787,0.3573505008246009,-0.4423762178453858,-1.4671093231674042,-0.4492038170380878,-1.7718229900593359
-0.18323228531267743,-0.11420082439730911,0.1748865525765257,-0.11593148902262929,-0.05485163333223766,-0.32543327778433123,0.2961609185428033,-0.12840881957759012,-0.4766598768255008,0.2689564393488431
0.013060764657182063,-0.32892211230842866,0.25333368809040663,-1.1952259953014925,-1.1709085995533581,-0.5683502814214032,-0.7067896964227952,1.2305754288604154,0.8359480391493518,1.0204753033743676
0.795853318738309,1.42770837638491,0.9291513250367245,1.0490003499667768,1.1654536700251126,1.7736590260208773,1.3049998203139292,0.7853993895752507,-0.9242522589127038,0.7806447743310398
1.7516390032182914,-1.5732342962358925,1.206230586122405,-0.3997789413494581,-0.8431530916141028,-1.1355681188013298,-1.4554717668388837,-1.0022510363095027,2.2337787234160067,-0.537330535236454
-0.9490991103798672,-1.507733416232225,-1.147239096061609,0.23665654788166868,0.533495406282784,-1.1606934780150495,-0.7291736839835845,-0.19122034183880343,1.8908077145312465,0.3065584070648946
0.48317270733370793,-1.4850116237532913,0.6946516009898043,0.5801117429669094,0.8335310794200286,-1.1126863491241816,-1.2173765372367225,1.4841901276385645,2.1138283026816684,1.0907621449068419
-0.5954293176137236,-0.05906138970598787,-0.7826502078568803,0.8792876365789121,1.109451054668343,-0.3724656184037517,1.1427935268664529,-1.0297907163458988,-0.6717911232273287,-0.7162109611244596
-0.06570828065166189,-0.16192823058141498,0.06520841248906245,1.3609901917713387,1.2270689626459323,-0.43485257178626346,-0.4195882415490781,-0.3585798296233874,0.20231369849501274,0.028370231439864026
-0.9107615810947386,0.7465901504504365,-1.1225545714018157,-0.18808304952935423,-0.35386506982741406,0.5525826823091622,-1.4884732282108009,0.7035133338386439,0.17544806259106252,0.7963955257897354
0.929974931121893,0.7546095572785191,0.850510004010157,1.4996493747871562,1.235642310510108,0.6410421204305943,0.11181894341054983,-1.509393064580049,-0.664304210135461,-1.9677936145251111
0.8397521809032245,0.8473126919119811,0.9323955000354185,-0.3489724038894074,-0.7378544843885967,0.6991794152714638,-0.9003087944637316,-0.8776363848813025,-0.34346748731070675,-0.4167673675122598
-0.6568228327868636,-0.5088686632143771,-0.8526608239732777,-0.6112423286494328,-0.7905318290152185,-0.6614279398201006,0.885095588120617,-0.16045869485611303,-0.5866516610147333,0.18835320643612044
-1.2449456188976695,-0.045100589973354,-1.4202331407570767,-1.3216922212641062,-1.179078802938883,-0.36516029547626333,-1.6893458692601768,0.1678178442697306,1.910811659053134,0.42636534615495936
-0.16530192134291327,-0.4302517340110232,0.15979086846909,-0.4308575126891637,-0.7089375834052923,-0.6566084741733162,-0.8244819841164907,1.0796666117614486,1.6133463871570424,0.9340749543932741
-0.14125618218172578,0.5415802194638487,0.2541267615262535,-1.5383541352847538,-1.2447097322430232,0.49736011081068116,0.3364381170749845,-0.446231143572476,-0.7208656594331643,-0.10534042738889046
0.9971656062874569,1.5990545587327014,1.031156600238308,-0.9970789027672795,-1.11621657346947,1.7606220505534569,1.4370016690564562,-0.6840013060606465,-0.934252180983749,-0.5369175508833208
-0.717486448170905,1.090923761978525,-0.9666525912778897,-0.34251590996195175,-0.6402276035835134,1.0616543302010222,0.7587023402140379,-1.538252558554121,-0.838246234762828,-1.9654637127157932
-0.1796549499453922,-0.5763309715730576,-0.021661247876191215,0.6523895941839059,1.0322312776957727,-0.7300106720634729,0.10301348445817723,-1.513904617090619,-0.14308875317366251,-1.7884297637453126
1.2051071171551262,-1.3131311010478206,1.0457452509950924,-0.23751997445464548,-0.6725496828216413,-1.1212951899604913,1.10703158911484,-0.4717683772662364,-0.4213362216821273,-0.09035680712683743
-1.375970354526376,-1.6890943070732016,-1.464339225777676,-0.6879308021381595,-1.0020683619581159,-1.2398083556978001,-0.9644107700195708,-0.903579861289405,2.071734811005092,-0.5790746291541081
1.1499793101619522,-0.9777096803330255,1.0400728446523133,1.277989997471219,1.2358636464400239,-0.9387291406207376,0.7071474809437748,-1.4355752825223989,-0.4643014125290602,-1.7254988637309179
0.736719853372287,-0.5828661741959951,0.8011522256655237,-0.7451318756321604,-0.8848224554615371,-0.6291863921325729,-1.4106284097320212,0.3628863824470074,1.8986546140993266,0.5524167053681448
0.8829313330488665,1.3717457272560987,0.9594772885651994,-1.6890423650682862,-1.317510210012901,1.62041589605092,-0.5642146790298831,-0.8554427517290389,-0.7350679045640777,-0.3193502826257462
-1.3417685478644121,1.205552158392094,-1.5105436520405724,-1.6294214737914272,-1.3295420772731266,1.3616924942100213,-1.540162683258603,1.586552379577179,-0.44693685826989493,1.0732749208657815
1.0035526143577178,-1.0611174300103488,1.0624658622131602,-1.732295733157802,-1.2823937789710933,-0.8890143084653456,-0.9881488991002968,1.4070724193457704,1.8550819419198432,1.0673173324214442
1.1137874177794176,1.7170564343879824,1.0905378580674576,0.6356656892254033,0.9131794021134041,1.914844463584209,0.0478123360913873,-0.6473648444668927,-0.8290852417258021,-0.21985472718197321
-0.7586011948058667,1.3625813171005507,-0.9683777434743377,0.7351817687502088,1.0133526153831947,1.6369780433311014,0.6194096903849103,0.3352706794427154,-0.8719495951941814,0.5484185230485842
0.286181093480452,-0.20139095031958293,0.5780512796135562,0.6620080823694046,0.9258437670111951,-0.42827079649545685,0.2035871810022223,-1.5814848579909309,-0.4010567522186321,-2.2878510214509338
-0.08274056632073666,1.200558228512318,0.08073301146702706,0.8301028919381956,0.9833114599889404,1.3868126365131133,0.5316756521712829,-0.9621344030071937,-0.8338507207676598,-0.7896639785106004
1.7682793552958311,0.8269780832937974,1.2193009270742106,-1.2970447529560096,-1.2366482227087592,0.8086334105299624,0.471567310064972,-0.0485918592665487,-0.7794700726694445,0.28075874632150016
1.2130931047053957,0.23231135268188888,1.1110069643649665,0.8819886941233124,1.0618538036684708,-0.0546362348133513,1.6486371500393273,-1.6653419742163995,-0.8115069666396796,-2.2605231524971408
-1.6010608369929216,0.29722870406966934,-1.6510809671735256,0.2145354490088395,0.601771604118538,-0.12032210140407204,-1.6734718221595095,-0.41306928774816765,1.7858732060759226,-0.12444587424666426
1.4771773939082113,-1.105925342050952,1.114134802953404,-0.029338856513343628,-0.08126799442615228,-1.0196807729197293,-0.9073897892596436,0.315013688200808,1.877956383739562,0.5679586208914627
1.0354626187315479,-1.046547342084905,1.000206954176032,0.8056499737253006,1.0376652228147467,-0.9624065312375492,0.2383218789976014,-0.970777192909065,0.020091885119264803,-0.7653608288572116
0.15639188008558627,1.57748856619664,0.495746918042518,1.0426388226428074,1.0957592565655152,1.8115608417005784,0.22552322655398727,1.1207360710219334,-0.8438597454845724,0.8871682089981375
-1.2461926613994807,-1.4008610476093684,-1.1751558891260843,1.6305318902388017,1.2562851796968668,-1.1620722611055037,1.3273331840933937,-1.720927590637635,-0.5141229678509347,-2.15703903382899
-0.024050049527817804,0.44636375293654473,0.35903185594501646,-1.3884483743354834,-1.2305303539064518,-0.03404701321619114,-0.5644240154257673,1.0490928370106853,-0.10307247210239374,0.8668053702839801
0.609576196470182,-0.7947547987301662,0.8168382800075017,-0.500209828710938,-0.8395029923838494,-0.8823170444360332,0.4967378459183532,1.5087615008556705,-0.32651842069122183,1.0592589939235002
-1.541739795442519,1.4366005910955237,-1.5339120801276294,-0.8474012290370122,-1.0234262047674316,1.5771371630437103,-1.678032264097326,1.3441576175366765,-0.4599922258861251,1.0311250080626897
1.1023309256419997,1.3231338292645674,1.006602901335637,0.39164886053431014,0.737175721453353,1.4725377859884776,0.32823632813624265,0.5660255652770217,-0.8496206215573464,0.6270007978612763
-0.854261541698495,-0.13563367257875747,-1.0276560805045063,1.2549941078031805,1.1407171114230357,-0.3503031222338542,-1.4261331671510051,1.4224536301613646,1.902174846895371,1.0340163434383063
-0.055291232815403504,-0.11350983120341228,0.19118084594482537,-0.6016009485764726,-0.8726477766514693,-0.3663583920873461,-1.0521397678283408,-1.440380701914697,1.3999391562868366,-1.9191730947478787
0.61044441370269,1.376487496715167,0.7902677207124925,0.3907226912240636,0.7998329517653501,1.5061446705568877,1.6192021499701463,-0.3626386315380265,-0.925508940579692,-0.018730943103491948
-0.06550386935306057,1.3709315465221354,0.3020421621114857,-0.8281225287920806,-1.0917679085382974,1.476848398776112,-1.3255220623476867,1.4668005693248902,-0.5443126504454425,1.0538039963721684
1.708456992004327,-0.825674661878973,1.2054820125229768,0.45402978322125614,0.7255490387474733,-0.7649533588790459,-0.24962319425720791,-0.4584369097049589,0.45884428558800117,0.03713353891531896
-0.46413947768004876,-0.257281344456487,-0.08361731688044363,-1.7154426189459373,-1.3244764669290787,-0.4524790107100486,-1.5793055729172298,-0.023430590378588665,1.98259887371958,0.29047922581855434
-1.5541149344579532,-1.0375485301621907,-1.6575216747809582,0.7990147120429733,1.0255273617884444,-0.9936389290669007,1.4941877484751347,1.1545043251413951,-0.6482818987792104,0.9451234628310138
-0.045471882079739935,1.387995961365347,0.1591811147409008,-1.1014312856051807,-1.1571153407822552,1.433074827512176,0.8331986951491347,-0.6085788741352268,-0.8856374226024986,-0.05802393208550289
0.9455529180528828,-0.18339627613588488,1.0139193081064488,-0.790021637094618,-1.0746459959119117,-0.43511023131755866,1.2442052314438168,0.9531951255796296,-0.7132931506228164,0.8179524041829583
-0.8693554881363881,-1.0272297148907918,-1.0788008002577565,-0.2928113412208452,-0.7132939055590569,-0.9666147010941267,-0.6143776311583684,-0.42366647965945853,1.7424266077482222,-0.16516448895750654
0.6525150861570594,-0.4159907232046066,0.8641001946807744,1.2509793396240227,1.1900757085975897,-0.6884768911289314,0.2736611614593466,-0.11011263055678921,-0.26393184835171674,0.36300842528842864
-0.3086703255603566,-0.8280855469106803,0.034085239563642095,-0.26903844968697804,-0.3321756959144695,-0.8336918242824947,-1.3000841879353848,1.0562123418366558,1.9731745020315274,0.9019397186389674
0.38415562077671966,0.12185246914903829,0.6533977826295567,0.6523989475559888,0.9545335120584142,-0.16477796460185024,1.690596076376629,-1.639748037698092,-0.768657666350996,-2.282773944927826
-1.5336391778906313,-1.2070599840190928,-1.5033675082850666,1.0090689848825019,1.1125741833893015,-1.025318180439797,1.7053425714568538,1.6541739464359095,-0.7185887838551359,1.1152645871496611
0.8907676553485913,-1.301352487098323,0.9940998572775691,-0.1689561288803662,-0.18453153558750995,-1.0290924962207197,-0.9363650025149434,1.3851351901926732,1.7492039283326608,0.9887997195440446
0.7863821219288862,1.1268505673083915,0.909719576960039,-0.6948897623467927,-0.7804446971246953,1.0740926107574784,-1.6646042323318535,0.023417376426376483,-0.1321352718124325,0.274174033571584
-1.5730504188654402,0.7737721360621742,-1.6155657193387687,-0.16438872425142392,-0.4456726191704892,0.805692265355824,-0.20269931644117845,-0.7254714252099503,-0.6440115524433287,-0.6207991759764333
-0.5447253636950762,-0.33737792571012815,-0.4891776158171249,0.7352684264450493,0.9387868733691329,-0.5900375687058105,-1.2680498880132496,-0.8125122058011168,1.8308897190576365,-0.4807708442207265
0.953989328617327,0.25106337597859235,1.0381911621765574,-1.3412536824507022,-1.2374338185193574,0.1762289609732862,-1.5489266235955472,-0.7943844928232401,0.9967524384001003,-0.4986708925457534
-1.215297501921952,0.3347153995641787,-1.3782568179829893,-0.5737115053143269,-0.8264136860842597,0.06379720835613807,1.5965442607749607,1.698620133631051,-0.8175073645380807,1.1293183327405119
-0.020811608602305836,-0.7219155279614818,0.35391074231597236,1.6074410634784444,1.2588606502965203,-0.9195180728173755,1.5921560151190681,1.3952730715633392,-0.6620547960013412,0.9627553025440476
-0.13649953565597642,1.4395493181744323,0.22354187528484734,-0.9274954065042825,-1.1155873274360504,1.7277935938244904,0.5533766344349608,-0.19823729335127402,-0.8738894347803143,0.09143459806568419
-0.17302832079409805,0.8682573611457147,0.17133982933970607,1.3288909477920121,1.1735966147177224,0.670638889139919,-0.587520657131238,0.13330013694012746,-0.504314260274896,0.4648713125934953
1.4626245213645377,-0.2640667967334279,1.2193846243884139,-0.8547692598132922,-1.060628472779328,-0.4954312141237633,-0.2496134091692751,-1.702946684154859,-0.09237448800401421,-2.361394679422526
-0.04339294787038838,-1.2188486639913674,0.42340147253044524,1.161116869038425,1.1673837742594875,-1.0681350101647928,-1.6316237488622753,0.2032330634429055,2.2165285043376124,0.5341644796617294
-0.9622418905125147,-0.2936536966005911,-1.1882815443872774,1.1826694346122835,1.1613199373663674,-0.48916975845068095,0.09244651245690348,0.6711923303590825,-0.31036457710230314,0.6444435044044304
-1.5315437782680403,-1.0583729889868854,-1.560136482386608,0.015459188846189024,0.45134711850676923,-0.996553021286034,1.2608484377699896,0.6418752162255119,-0.5541693842892815,0.6220220049331522
0.8336737047685436,0.7260770427390386,1.0086959910705557,-1.566225723975742,-1.303934771718366,0.7661395694565433,1.0568017860356518,-1.348354394416916,-0.8257375231484168,-1.1745241634942873
0.1919795673259068,-0.5133740658002904,0.5796279530439477,1.412946257982801,1.1577487743273402,-0.6311345237887919,0.9645564637313097,-1.116892849544074,-0.6038534608510838,-1.2024751930405686
-0.45194353994263314,-0.017184337505563144,-0.34030607891232256,-0.13038718557667672,-0.16313560497491553,-0.20941415620004208,-0.8195861047082137,1.3503633694043098,0.24438220290525714,1.0578601609986207
1.0471223117005837,1.3029532750820325,1.0073282340972336,-1.4037462018328126,-1.1742633132891707,1.4616118353910554,0.5086291938787857,-1.7160640504925055,-0.8602560476690954,-2.1705063001606577
-0.38123643912943755,-1.0070502388790445,-0.1733780133908916,0.6178039153346044,0.9818418519376559,-0.8993011968886415,1.1351019140846008,-1.715807505691847,-0.5718229221751859,-2.3228410147879037
-0.984460169182665,-1.2234647412179558,-1.0598889161059986,-0.791799346524704,-1.0770551822899876,-1.0748348453630765,-1.1966715199192879,-1.368324636171217,2.061790590864256,-1.533185415390533
-0.6422419056858782,0.3634536643230448,-0.7840058002126569,-0.7857166370234518,-0.9874235304460584,0.1516588760899187,-0.32123522899532997,-0.5224153343902199,-0.3455201297501977,-0.10586737945639874
-0.19271070197266343,0.9443854365059061,0.04239369056763124,0.5487546441881882,0.9311212543455456,1.1672114424239284,0.36341243719588,-1.0442250048891428,-0.8204849330437878,-0.8446886998574394
-0.03452057343062873,-0.6498611613647244,0.4674436413140759,-0.9901303154506396,-1.0946394711169931,-0.8223971869525079,-0.9776491898198643,-1.3133519875939295,1.850444089680114,-1.7288283881064566
-0.21219862137470208,-1.359291975480634,0.09482094067182405,-0.2725626176539265,-0.6386189399349095,-1.1073555841828424,1.6969392185731564,-0.1616365548174049,-0.6544749370697946,0.14441348316524732
0.900895792176315,-0.37747824908638794,0.9205404782623068,0.3401888816505159,0.4786233173076408,-0.5669425198706232,1.5624357012467525,-0.6157037027698415,-0.759279579787447,-0.3423200588190079
0.41916881897260505,0.7344856005972681,0.7533098367781252,-0.0536464083494344,-0.27749737954400683,0.7830642268528973,0.10623193283961932,0.5314963982040766,-0.6855397136683361,0.688116619042908
0.06417484743971931,-0.8460197793853391,0.3345331576922541,1.674960986109739,1.2631048931017168,-0.9168048180359275,-1.1832968018296557,-0.11672339448570603,1.9220604085873434,0.10301017602318428
1.5742369198259765,0.04673989724239726,1.2259278080615124,-0.8753307855379507,-1.0788472793297068,-0.32079872539688076,-1.27896199179131,0.08528822207535948,1.5740455627799816,0.45163494660675463
-0.9308188322046186,-0.8311671037274377,-1.2146313513568563,1.521542821179124,1.2571642736449071,-0.8005915061335572,1.5749096207841566,0.2368351648470463,-0.6660501521088235,0.4935039638367467
1.0608616879639339,-1.6057226468300432,1.0225018662315122,0.47898910492942454,0.8595777064101336,-1.169672478395852,0.35684475077560207,-1.6635722339698,0.08691869194998227,-2.0964946528032224
1.6519153901056627,-0.6682887378175126,1.2298603398283328,1.3311277282682985,1.184277742636378,-0.6941753203329225,-0.69284794734294,0.06662242070084926,1.3831049933790998,0.3371448711451494
1.6993053760485624,0.26004974511887124,1.2201833448937627,-0.3327235995754772,-0.3735331294209774,-0.11566533616850597,-1.1985805579778293,1.3153890337692793,1.2604914948749415,0.9965617403689025
-0.7650170855207811,-1.1402638968604546,-0.8693274526723388,0.8307434045702301,1.0493118692910017,-0.9747922719824439,-1.2221562679848121,-0.24684186598827043,2.0292218075112287,0.03354097813004322
-0.5538540871223142,1.4806138729582272,-0.7644460356216213,-1.3692253885269268,-1.2350926464826706,1.760929669687187,-0.9201813444308262,1.449573381065603,-0.6768883355337637,1.0592174234929816
1.1921574345030084,-1.1037167465359936,1.0511362738014565,-0.6521013721990206,-0.8699932198476914,-1.0207069630685301,-0.8001885710657901,-0.6230474074421176,1.832176363532355,-0.23132997152349768
1.2760593980534918,1.0956397328509226,1.1566858470114358,0.4955181100042847,0.8329489034081379,0.9760810009943679,-1.483546422986451,1.2479591787457565,-0.14188785953579922,0.9426001974572171
-1.2797283414750353,1.1759620688757095,-1.3205740558081311,-0.5394620502129671,-0.8900341808735369,1.2077916374611686,-1.7288117833736651,-0.15665284176295485,-0.17702255115578663,0.2859088022804351
-1.2398025812725677,1.6034218925495896,-1.3883837397395824,-1.5956961381899484,-1.2943369288645061,1.8031304843834899,-0.41480872844497524,-1.2606808743596494,-0.7929700178476288,-1.2169924527521196
-0.006615320900351002,0.6293781976173267,0.3732109651220174,-0.09024398046177255,-0.07060126991063873,0.5647125215773405,0.6676116031028386,1.0897342477302239,-0.7788312571723277,0.9299959209745555
