V0,V1,V2,V3,V4,V5,V6,V7,V8,V9,V10,V11,V12,V13,V14,V15,V16,V17,V18,V19
-0.12036,-1.253,-0.609,-0.3845,0.2332,0.2012,-0.3616,-1.214,0.1525,-0.4978,-0.4,1.215,-0.8315,0.4285,-0.3098,0.1896,0.781,0.09863,-1.233,1.198
0.0574,-1.63,-0.946,0.672,-1.409,0.04297,-0.3206,0.2129,-0.7446,-0.312,0.7056,0.000661,-0.8726,-1.452,-1.3545,1.815,1.124,-0.8184,0.402,0.455
-1.383,-1.584,-0.8765,0.2412,-0.5303,0.518,1.765,0.5654,-0.8306,-0.898,-0.767,0.8486,0.4573,-0.6436,-0.7944,-0.9575,0.843,0.633,-1.088,0.7637
1.354,-0.4731,-0.7095,1.177,-1.43,0.6665,-0.919,1.113,-0.9746,1.607,0.3997,-0.263,-0.6914,-1.392,1.006,-0.06915,-0.5576,-0.5786,0.667,-0.09766
1.732,0.967,0.82,-0.1232,-1.608,0.564,-0.864,-0.3567,-1.036,1.757,1.316,-0.4246,0.394,-0.469,1.063,-1.12,-0.9717,-0.3699,0.449,-0.254
1.676,-1.719,-1.031,-1.592,-1.416,-2.436,-0.993,1.443,-1.212,2.057,3.344,1.487,1.147,0.0743,0.09906,-2.027,-1.492,1.054,-0.1873,-2.947
-0.118,0.8345,0.791,0.79,-0.1744,0.687,-0.0824,-1.136,-0.799,-0.263,-0.5435,-1.441,-0.3748,-0.7197,-0.4148,1.705,0.7935,1.034,0.2128,0.6875
-1.179,-0.6772,-0.612,0.649,-1.644,0.568,1.187,-0.6353,-1.274,-0.931,1.3,-0.02809,0.343,-1.356,-0.8022,0.003216,0.849,-0.52,0.2079,-0.07886
1.06,0.09686,-0.6177,0.601,-0.2944,0.3008,-0.726,-0.6836,-0.8066,1.168,-0.3716,-0.2223,-0.8022,-1.094,0.4243,0.3083,0.2087,0.219,-0.1666,0.932
0.351,-1.049,-0.764,0.05017,0.907,0.0936,-0.431,1.422,1.214,-0.3206,-0.82,0.946,-0.774,0.4246,-0.1854,-0.01206,0.6865,-0.718,-1.075,-0.2196
0.7334,0.3445,-0.11176,1.594,0.356,1.184,-1.0205,1.19,-0.0099,0.723,-0.7617,-1.246,-1.059,-0.835,1.079,1.165,0.12286,-0.072,0.521,-0.0799
1.457,-0.4824,-0.3564,0.4316,-1.67,0.549,-0.796,0.643,-1.034,1.744,1.493,0.305,0.2383,-1.286,0.758,-1.737,-0.733,0.1043,0.3267,-0.843
-1.074,1.135,1.267,-0.3699,-1.358,-0.03635,0.809,1.66,-0.896,-0.9663,0.3794,-0.385,0.605,0.04123,-1.08,0.54,0.8438,-1.979,1.167,-1.451
1.402,1.243,1.66,0.2712,-0.614,0.11835,-0.87,-1.209,-0.757,1.673,-0.2351,-0.9727,0.525,0.5254,1.42,-0.743,-1.512,0.249,0.8745,0.2988
1.308,0.1669,-0.5728,0.4795,-0.4792,0.622,-0.788,-0.4414,-0.8457,1.252,-0.3435,-0.2328,-0.964,-1.335,0.7607,0.1417,-0.00602,-0.1577,0.4587,0.593
-1.151,-0.8037,-0.807,0.1525,-1.023,0.59,1.201,0.5645,-1.069,-0.769,-0.06525,0.6733,-0.0957,-1.181,-0.8457,0.1489,0.951,-0.9785,-0.07117,0.7397
-0.3093,-1.397,-1.071,0.756,0.02669,1.1,-0.7427,1.472,-0.4873,-0.2632,-0.7974,0.05188,-0.9937,-1.156,-0.2173,0.311,0.8325,-0.006233,0.11554,-0.2754
0.806,-0.5825,-0.664,-0.5776,-0.6123,-0.2886,-0.6367,1.485,-0.7197,0.8286,-0.4424,1.059,-0.901,-0.1143,-0.05096,-0.09143,0.4634,-1.069,-0.1083,-0.1202
-0.529,-1.399,-0.8604,-1.094,0.3018,-0.642,-0.2183,1.098,0.01909,-0.5024,-0.2766,1.316,-0.7817,0.6274,-0.474,0.2408,0.504,-1.379,-0.1691,0.2092
0.1932,-1.004,-0.907,-1.069,-0.67,-1.095,-0.7266,-1.032,-0.628,-0.4417,0.464,1.419,-1.035,0.1683,-1.171,0.809,0.608,-0.5957,-0.8184,1.078
1.106,0.3066,-0.2727,1.73,-1.336,0.967,-0.724,1.209,-0.7407,1.31,0.2487,-0.959,-0.8813,-1.576,0.924,0.8335,-0.05695,-0.5327,1.697,-1.503
-0.0768,-1.638,-1.149,-0.817,0.3528,-0.3867,-0.3938,-1.363,0.1271,-0.8345,-0.2986,1.454,-0.8784,0.3018,-0.947,0.702,0.867,0.811,-1.594,0.801
0.1189,-0.8687,-0.846,-1.57,-0.632,-2.346,-0.441,-1.134,-0.8228,-0.3394,2.264,1.43,0.8984,0.3132,-1.085,-0.949,0.4436,-0.02094,-1.167,-0.468
0.6855,1.077,1.385,0.9478,1.737,0.78,-0.804,1.062,1.574,0.7104,-0.673,-1.645,-0.01104,2.172,2.436,-0.2329,-2.672,0.702,2.936,-1.89
-0.1222,1.064,1.341,0.8,1.585,0.836,-0.11115,1.011,1.68,-0.7354,-0.9604,-1.616,0.0638,1.843,1.212,0.0865,-1.161,0.4978,1.02,-0.4912
-0.385,-0.4348,-0.42,-1.503,-1.168,-1.746,-0.0472,-0.515,-0.705,-0.5464,2.336,1.259,1.196,0.2705,-1.144,-0.929,0.10004,-0.6294,-0.6064,-0.717
-1.261,1.15,0.8936,-0.5317,-0.1367,0.2155,1.547,-1.179,-0.9224,-0.649,-0.591,-0.3435,0.7393,-0.211,-0.9375,0.3904,0.633,0.342,-0.9917,1.021
-1.033,-1.264,-0.629,-0.8174,0.883,-0.1504,0.7407,0.8096,1.314,-1.0,-0.577,1.476,-0.5444,1.129,-0.1528,-0.38,0.5405,-0.504,-1.389,0.8965
-0.02654,1.643,2.074,-0.846,-1.543,-0.4514,-0.3472,-1.544,-1.12,-0.5107,1.19,-0.4783,1.597,0.3975,-0.8394,0.3872,-0.339,0.176,-0.654,0.1931
-1.172,-0.3508,-0.6475,0.8394,-0.543,0.37,0.93,-1.481,-0.926,-1.313,-0.436,-0.2979,-0.4023,-1.144,-1.103,1.167,1.213,1.067,-0.18,0.662
-1.4375,-0.2766,-0.4287,-1.011,-1.357,-0.816,2.023,-0.0954,-0.732,-0.9062,0.896,1.16,1.539,-0.2421,-1.689,-0.528,0.0899,-1.037,-0.5933,0.5093
0.6035,1.259,1.663,-0.3438,0.8916,0.273,-0.631,-0.9663,1.168,0.177,-0.9497,-0.3748,0.4,1.263,0.906,-1.134,-0.5073,0.812,-1.145,0.9224
-0.07697,0.7217,0.2347,0.2358,0.0837,0.239,-0.3254,1.131,-0.2332,-0.6567,-0.4136,-0.6104,-0.9277,-1.061,-1.137,2.473,1.029,-1.272,0.8784,0.036
0.895,1.484,1.768,1.56,-0.1902,0.771,-0.915,1.635,-0.3992,0.977,-0.868,-2.059,0.4927,0.624,1.947,-0.1575,-1.135,0.6514,1.802,-2.031
-1.287,-1.5,-0.9014,0.9297,1.062,1.111,1.614,-0.10986,1.277,-1.054,-0.748,0.03436,0.561,0.05182,0.012566,-1.212,0.632,0.8916,-1.241,0.6665
-1.047,0.9346,0.8213,-1.283,-0.701,-1.283,0.786,1.056,-0.7524,-0.767,0.3105,-0.1073,0.1182,-0.9106,-1.844,0.9043,0.866,-1.902,1.322,-0.696
-0.385,1.112,1.224,-1.537,0.795,-2.312,-0.0833,1.444,1.186,-0.537,1.93,-0.01342,1.728,1.16,-0.462,-0.9087,-0.97,-1.455,0.6963,-1.999
1.045,-1.643,-1.219,0.5283,1.025,0.4575,-0.747,0.5615,1.356,1.214,-0.7583,0.1941,-1.222,0.04172,1.189,-0.0766,-0.11316,0.2427,-0.839,0.8794
1.759,-0.812,-0.5454,0.6772,1.253,0.709,-1.008,1.518,1.658,1.933,-0.772,-0.02261,-1.162,0.704,2.377,-0.2161,-2.428,-0.559,1.655,-1.622
0.1636,-0.98,-0.8135,0.725,0.10693,0.956,-0.5273,1.226,-0.2617,-0.4197,-0.8633,-0.05237,-1.043,-1.383,-0.372,0.7896,0.731,-0.2927,0.2854,0.0886
0.4507,0.2283,-0.4023,1.452,-0.7407,1.121,-0.743,1.08,-0.9546,0.3025,-0.3323,-1.129,-0.6133,-1.468,0.259,1.202,0.5063,-0.518,1.052,-0.262
0.1593,-0.12067,-0.3623,-1.475,0.6836,-2.033,-0.2646,-0.4788,0.874,-0.517,1.823,1.095,0.8335,0.4429,-0.9717,-0.72,0.4492,-1.102,-0.541,-0.2969
0.903,-0.6304,-0.5845,0.918,-0.1453,0.4902,-0.635,-0.5713,-0.4067,0.8174,-0.666,-0.249,-0.7812,-1.222,0.3652,0.3726,0.5063,-0.3157,0.243,1.043
-0.689,0.1396,-0.3848,-0.1821,1.207,0.4656,-0.178,-1.332,1.469,-0.5186,-0.7305,0.5386,-0.712,0.5806,0.3955,-0.6963,0.5527,0.577,-1.622,1.156
-0.953,0.3818,-0.05624,1.348,0.02246,1.077,0.514,0.6763,-0.488,-1.063,-0.8794,-1.241,-0.5664,-1.087,-0.3318,1.998,1.087,-0.2085,0.2627,0.609
-0.1501,1.628,1.796,0.48,1.195,0.633,-0.4736,0.0813,1.613,-0.327,-0.9204,-1.367,0.8784,1.84,1.241,-0.636,-1.597,1.038,1.165,-0.5317
1.689,-0.5586,-0.941,-0.253,1.276,-0.03842,-0.918,-0.2179,1.496,1.713,-0.726,0.9644,-0.987,1.142,1.534,-0.9297,-1.873,0.482,0.7085,0.4612
-0.8047,0.737,0.4485,0.915,0.154,0.7964,0.542,0.689,-0.3591,-0.969,-0.7188,-1.41,-0.499,-0.8955,-0.641,2.26,0.8867,0.2205,0.6523,0.427
-0.1709,0.782,0.5615,0.10016,0.3323,0.586,-0.3105,1.565,-0.003565,-0.2986,-0.866,-0.6387,-0.8037,-0.6924,-0.3958,1.801,0.8726,-1.297,0.5425,-0.523
1.409,-1.492,-1.222,-1.347,-0.3325,-1.791,-0.8403,1.509,-0.7856,1.805,1.847,1.494,0.6763,0.679,0.745,-2.523,-1.245,1.493,-0.6865,-3.016
1.441,1.627,1.761,-0.8315,-1.619,-0.5195,-0.834,-0.4565,-0.911,1.464,1.65,-0.43,1.897,0.4636,0.902,-1.3545,-2.023,-0.1216,1.496,-1.727
0.1654,-0.522,-0.447,-1.317,-0.184,-1.546,-0.257,1.436,-0.3748,-0.4116,1.155,1.216,-0.1129,0.1085,-1.464,0.1381,0.905,-1.85,0.5635,-1.084
0.4873,1.065,1.25,-1.627,0.2578,-2.541,-0.7227,1.162,0.0687,0.1324,2.148,-0.04785,1.7705,0.4868,-0.667,-0.6626,-0.657,-1.622,1.164,-2.24
-0.3977,-1.464,-1.118,-0.259,1.719,0.0725,-0.2527,0.171,1.86,-0.7207,-0.707,1.183,-0.8745,1.826,0.3477,-0.5117,-0.72,0.205,-1.124,0.995
-0.03302,0.9604,1.147,-0.792,-1.365,-0.47,-0.288,-1.28,-1.047,-0.5576,0.5312,-0.08966,-0.02414,0.261,-1.053,0.628,0.876,-0.671,-0.494,1.264
-0.12067,1.415,2.05,-1.356,-1.407,-1.752,-0.3037,-0.4924,-0.827,-0.556,2.943,-0.2798,3.111,0.799,-0.5312,-0.605,-1.251,-0.9673,0.0242,-0.872
0.0897,1.236,1.469,1.188,-1.407,0.969,-0.776,-0.02307,-1.25,-0.429,0.502,-1.873,0.574,0.03766,0.1759,0.2466,0.504,0.2288,1.232,-0.413
0.7036,0.899,0.759,-0.1973,-0.8716,0.06775,-0.4106,0.3223,-1.11,0.6387,0.1066,-0.261,-0.3901,-0.705,-0.2157,0.1718,0.5723,-1.562,1.372,-0.3306
-0.1622,0.946,0.9624,-0.6943,-0.9453,0.05817,-0.3723,0.356,-0.5557,-0.5996,-0.1975,-0.1764,-0.2642,-0.2239,-1.156,1.25,0.9365,-1.518,0.658,0.6445
1.256,0.081,-0.615,0.1932,1.55,0.2333,-0.9233,-0.2292,1.376,1.39,-0.7944,0.1621,-1.348,0.629,1.476,-0.1882,-0.734,0.1101,-0.304,0.6914
-1.365,-1.161,-0.9404,-1.132,-1.181,-1.033,1.8,-1.173,-1.124,-1.042,0.757,1.62,1.113,0.3962,-0.9604,-0.717,0.3425,-0.0505,-1.344,0.985
-0.03455,0.949,0.723,1.033,-1.031,0.496,-0.523,-1.5,-1.082,-0.2167,-0.1768,-1.496,-0.5635,-0.916,-0.5386,2.262,0.9116,1.63,0.588,-0.562
0.616,-1.103,-1.067,-0.9897,-0.2842,-0.4788,-0.566,0.8726,-0.9375,0.37,-0.527,1.156,-1.161,0.221,-0.2847,0.3704,0.638,-0.5137,-1.05,0.7925
-0.564,-0.661,-0.612,-0.336,0.4385,0.1095,-0.1122,-1.522,0.432,-0.6035,-0.8564,1.162,-0.9175,0.2433,-0.727,0.553,1.026,1.188,-1.533,0.3955
-0.5327,1.533,1.82,0.8916,-0.625,1.017,-0.1162,-1.436,-0.8857,-0.73,-0.6675,-1.691,0.804,0.5107,0.729,-0.3152,0.03607,2.543,0.4495,-0.6934
-0.4841,-0.1527,-0.4563,-0.825,-0.0352,-0.2042,-0.1282,-0.919,-0.4658,-0.75,-0.4895,0.9263,-1.014,-0.158,-1.348,1.138,1.061,-0.535,-0.7715,1.339
1.097,0.2751,-0.47,-1.583,0.1855,-1.881,-1.079,1.089,-0.2747,1.549,1.612,0.948,0.37,-0.3374,-0.2225,-1.43,-0.3708,-0.1925,-0.4963,-1.045
1.3545,1.292,1.516,1.417,0.0528,1.211,-0.9985,0.7603,-0.08984,1.693,-0.7036,-2.014,0.5127,0.2778,2.139,-0.1581,-2.135,0.9736,3.242,-1.635
-0.903,0.3076,-0.11273,0.979,1.545,0.775,0.5127,-1.604,1.434,-0.6636,-0.746,-0.9336,-0.6904,0.4727,0.4246,0.9263,0.4465,1.651,-0.811,-0.1401
0.786,-1.426,-1.154,-0.144,0.781,0.4856,-0.778,1.005,1.125,0.575,-0.6704,1.157,-1.031,0.753,1.588,-0.828,-0.637,0.1737,-0.858,0.4377
-0.27,0.4417,0.4282,1.458,-1.649,0.8677,-0.34,-0.3066,-0.8403,-0.509,1.575,-1.575,0.75,-1.274,-0.3489,0.625,0.7383,0.2664,1.4375,-1.783
1.165,1.231,1.98,-1.37,1.14,-1.697,-0.7188,-1.353,1.281,1.502,1.326,-0.1526,1.888,2.137,1.354,-2.098,-3.615,1.991,1.329,-2.537
1.436,1.149,1.1,-1.1875,0.4995,-1.249,-0.824,-0.07935,0.4656,1.494,-0.10474,-0.2372,-0.2922,0.3071,0.474,-0.6914,-0.1268,-0.9116,-0.05557,0.9727
0.531,0.3523,-0.322,0.7583,1.446,0.8506,-0.496,0.1349,1.794,0.2379,-1.004,-0.9077,-0.9556,0.65,1.458,0.6143,-0.2404,0.00818,-0.4622,0.794
-0.803,-0.12494,-0.489,1.514,0.58,0.6465,0.3582,-0.608,0.66,-0.9272,-0.733,-0.644,-0.857,-1.037,-0.827,2.553,0.9795,-0.1338,-0.469,1.123
-1.432,-0.6455,-0.731,-1.163,1.133,-1.279,1.909,0.4502,1.323,-0.901,-0.0502,1.364,0.8745,1.8545,-0.3284,-1.702,-0.9087,0.899,-1.255,0.2603
0.7456,-1.064,-0.9526,0.4873,0.2622,0.518,-0.5396,-0.5986,-0.1809,0.6777,-0.9946,0.2698,-1.247,-0.9927,0.3906,0.1791,0.629,0.227,-0.3494,0.8765
0.1307,0.0558,-0.2664,0.5874,0.2057,0.631,-0.3357,0.469,0.03705,-0.571,-0.5967,-0.1887,-0.963,-1.116,-0.661,1.345,0.881,-1.103,0.1592,0.8896
0.4187,-0.98,-0.7314,-0.965,1.178,-0.5674,-0.625,0.9795,1.3955,-0.002615,-0.6123,1.377,-1.101,1.845,0.2471,-0.3203,-0.7026,-0.9717,-0.3997,0.7266
1.405,-1.523,-0.9053,0.7695,-1.167,0.561,-1.203,0.3164,-0.903,1.663,-0.1696,-0.007294,-0.851,-1.365,0.892,-0.2167,-0.429,-0.8364,0.766,0.6704
0.64,0.6387,0.4321,-1.401,-0.1302,-1.766,-0.907,-0.3005,-0.796,0.4531,1.536,0.162,0.4583,-0.7354,-0.89,-0.1729,0.6646,-1.473,0.303,-0.408
0.3877,1.426,1.845,-1.236,1.717,-1.316,-0.4082,0.4915,1.568,-0.3086,0.4082,-0.1866,1.082,2.586,-0.1233,-1.034,-1.355,-0.7783,0.2568,0.4473
-0.826,-1.6045,-1.309,-1.173,1.265,-1.162,0.3499,1.589,1.534,-0.7495,-0.2449,1.593,-0.735,2.111,-0.363,-0.133,-0.7417,-0.605,-0.974,-0.267
0.4185,-1.158,-0.795,0.95,-1.503,0.6025,-0.62,0.3342,-1.188,0.469,0.5654,-0.05347,-0.636,-1.378,0.2778,-0.1254,0.4868,-0.7925,0.641,0.6196
0.1274,-0.39,-1.0205,-0.3984,0.613,0.10126,-0.431,-0.638,0.876,-0.287,-0.6367,0.9805,-0.9326,0.1884,-0.569,0.632,0.633,-0.1403,-1.066,1.021
0.2494,-1.016,-0.945,1.667,-1.242,1.068,-0.3103,-0.1482,-1.213,-0.1898,-0.2367,-0.2842,-0.9453,-1.277,-0.2302,1.064,0.818,-0.6475,0.2856,0.822
-1.191,0.6953,0.2788,-0.1,-0.5264,0.2786,1.122,1.281,-0.431,-0.9336,-0.2365,-0.2034,-0.1747,-0.8115,-1.184,0.7485,1.211,-1.141,-0.1473,0.1194
0.7847,-1.434,-1.229,1.091,1.362,0.616,-0.5884,-0.7793,1.545,0.807,-0.951,-0.2443,-1.127,0.3477,1.567,0.3462,-0.4348,1.042,-1.147,0.7954
-1.232,1.249,1.489,-0.3633,1.222,0.06396,1.417,0.8315,1.347,-0.693,-0.543,-0.5386,1.461,1.933,0.2378,-0.8228,-1.572,-0.2607,0.905,0.0247
0.617,0.639,0.1188,1.212,-0.7383,1.079,-0.805,-1.031,-0.8916,0.3518,-0.4111,-1.607,-0.725,-1.444,0.1858,1.47,0.578,1.327,1.591,-1.363
0.291,0.2396,-0.242,1.018,1.415,0.666,-0.5957,0.879,1.352,-0.04,-0.9556,-0.844,-0.8193,0.5474,0.868,0.9863,-0.03146,-0.2238,-0.621,0.8115
0.7734,-0.1062,-0.5674,-0.9575,1.539,-0.6978,-0.5547,-0.6274,1.663,0.4768,-0.5073,1.133,-0.87,1.856,0.996,-0.716,-1.195,0.323,-0.778,0.878
-0.6597,0.5977,0.4465,1.507,0.589,0.8228,-0.0767,-0.7144,0.9214,-0.9565,-0.9067,-1.3545,-0.6475,-0.705,-0.4482,2.205,1.018,0.4714,0.10846,0.8447
-0.3865,-1.229,-1.113,0.0397,-0.7114,0.0999,-0.0622,-0.8774,-1.083,-0.3604,-0.1405,0.9595,-0.851,-0.409,-1.202,1.076,0.8354,-0.1475,-0.9697,1.079
-1.436,1.616,1.852,-1.101,1.077,-0.854,1.888,-0.7183,1.358,-1.155,-0.3015,-0.2172,2.648,2.209,-0.2473,-1.379,-2.424,0.4915,1.272,-0.1595
-0.4246,-0.12225,-0.6094,-1.382,-1.627,-1.553,-0.1144,-1.494,-0.757,-0.918,3.037,1.053,1.189,-0.3276,-1.861,-0.3494,0.509,0.316,-0.636,-0.6562
-0.365,0.192,0.03494,-0.9526,1.115,-0.5366,-0.1418,1.643,1.397,-0.634,-0.648,0.9,-0.693,1.242,-0.2974,-0.3635,0.3704,-1.497,0.01793,-0.5234
1.461,-0.1178,-0.5435,1.685,1.425,0.8,-0.9326,0.9937,1.762,1.732,-0.7964,-0.62,-0.997,0.2603,1.834,0.4932,-1.815,-0.617,1.39,-0.4175
-1.585,-1.2705,-0.848,-1.456,-0.2803,-1.938,2.416,1.238,-0.629,-0.8413,2.006,1.485,2.643,0.396,-1.127,-0.848,-0.9478,-1.226,0.6685,-1.985
-0.1454,-0.6357,-0.813,0.1995,1.566,0.4927,-0.2434,1.163,1.805,-0.5444,-0.695,0.617,-0.943,1.011,0.7886,-0.3235,0.318,-0.274,-1.113,0.273
-1.188,0.2935,-0.1931,-0.1897,-0.004456,0.1395,1.453,1.461,-0.265,-1.357,-0.617,0.3987,0.22,-0.768,-1.447,0.1383,1.049,-1.387,0.229,-0.2351
1.754,0.669,-0.1493,1.66,-1.601,0.95,-1.003,-1.65,-0.7144,1.85,0.7935,-1.788,-0.6714,-1.475,1.168,1.115,-0.9316,2.22,2.383,-2.594
-1.234,1.305,1.933,-1.123,-0.5166,-0.598,1.455,1.493,-0.761,-1.021,-0.3489,-0.1758,2.04,0.6323,-0.5444,-0.5854,-0.8623,-1.262,0.6265,-0.355
0.308,-0.6963,-0.3552,0.8794,1.756,1.007,-0.445,-0.867,1.598,0.1874,-0.829,-0.2327,-1.014,0.7437,1.44,0.0721,-0.1406,0.1237,-0.7524,1.048
1.062,-0.8955,-0.694,0.0141,-0.396,0.2617,-0.7363,-1.388,-0.6807,1.285,-0.271,0.8545,-1.043,-0.3518,0.679,-0.4727,0.07935,0.921,-1.3125,0.5283
-1.182,-1.072,-1.175,1.706,-1.115,1.057,1.175,-0.8096,-0.894,-0.6816,0.1486,-0.3638,0.08813,-1.54,-0.4685,0.2404,0.7847,0.14,0.014404,0.7056
1.01,0.2502,-0.2303,-0.9956,0.415,-0.681,-0.812,-1.651,0.0894,1.082,-0.2532,0.7188,-0.996,-0.09595,-0.1003,0.1729,0.3428,0.612,-1.0,0.878
-1.046,-0.1881,-0.599,-0.856,-0.46,-0.6235,0.682,-0.413,-0.6562,-0.7974,-0.04803,0.9517,-0.4785,-0.3372,-1.664,0.9,0.9155,-0.646,-0.795,1.123
1.621,-0.3428,-0.531,-0.546,-0.5825,0.1122,-0.6606,-0.468,-0.663,1.827,-0.2184,1.03,-0.932,-0.2288,0.4844,-0.553,-0.662,-0.3567,-0.5195,1.217
1.262,1.545,2.232,1.591,-0.2238,0.815,-0.7515,1.399,-0.4414,1.69,-0.395,-2.072,0.869,0.817,2.441,-0.7017,-2.373,0.7866,3.24,-2.43
1.213,-0.968,-0.781,-1.108,-1.396,-0.818,-0.795,-0.952,-0.9385,1.642,1.162,1.305,-0.1478,-0.0828,0.179,-1.483,-0.737,1.454,-0.705,-0.6914
-0.96,1.535,1.98,-0.3586,0.2007,0.352,0.3328,1.214,-0.07404,-0.786,-0.9497,-0.5215,0.773,0.947,0.4172,-0.7056,0.1311,-0.4688,-0.9907,0.3838
0.768,-0.4136,-0.659,-0.03577,-0.6763,0.3433,-0.362,-1.5625,-1.029,0.6943,-0.843,0.967,-0.866,-0.5728,0.1284,-0.2351,0.507,1.6045,-1.137,-0.02766
0.646,-1.63,-1.333,0.5146,-1.508,0.3625,-0.6455,1.219,-1.016,0.7266,1.062,0.2351,-0.6846,-1.411,0.1669,-0.0591,0.6963,-0.2437,-0.06247,-0.613
0.1588,-0.768,-1.086,-0.3872,0.03738,-0.08685,-0.4946,0.807,-0.4575,-0.2966,-0.865,1.174,-0.9253,0.0795,-0.9634,0.8506,1.152,-0.2505,-1.679,0.947
-1.223,0.1968,-0.3064,0.57,1.412,0.5845,1.472,0.593,1.509,-0.784,-0.6914,-0.4844,-0.06464,0.1876,-0.03854,0.1417,0.561,-0.542,-0.2744,0.977
-0.4136,0.2617,-0.208,0.2067,-0.651,0.6113,-0.279,-1.394,-0.799,-0.4402,-0.599,-0.006145,-0.7715,-1.236,-0.6587,1.109,1.346,0.3372,-0.2725,0.981
-1.3,1.29,1.373,-1.35,-1.591,-1.563,1.467,0.2512,-1.044,-0.8867,2.854,-0.1854,3.422,0.2015,-1.318,-0.059,-1.114,-1.588,1.526,-2.041
-1.179,1.065,1.277,-0.424,-0.2185,0.2286,1.305,-1.178,-0.667,-0.956,-0.4795,-0.2786,0.718,0.3152,-0.47,-0.2678,0.7173,0.2405,-0.5674,0.9995
-1.607,-0.862,-0.5166,-1.24,1.08,-1.325,2.576,-0.1164,1.238,-1.137,0.07794,1.456,1.253,1.6,-0.398,-1.512,-0.8696,0.2455,-0.8706,0.8477
1.232,0.3752,-0.279,-0.1891,-0.3105,0.1367,-0.801,1.613,-1.189,1.537,-0.5615,0.1162,-0.9395,-1.18,0.197,0.2563,0.0022,-0.7505,0.1127,-0.3306
-0.1259,-0.5537,-1.046,-1.015,-1.172,-0.9717,-0.3596,0.932,-0.811,-0.4087,0.61,1.206,-0.4866,0.003435,-1.358,0.6494,0.812,-1.215,-0.489,0.392
-1.469,-1.204,-0.94,1.711,-0.83,0.675,2.336,-1.208,-0.8916,-0.6333,-0.307,-0.3064,0.9946,-1.377,-0.682,-0.04706,0.428,1.079,0.08496,0.3945
-1.319,1.218,1.386,-1.446,-0.6567,-1.956,1.723,-1.327,-0.5693,-0.9414,2.365,-0.1453,3.639,0.3694,-1.155,-0.2274,-1.072,-0.2515,-0.27,-0.7456
1.505,-1.073,-0.851,-1.453,-1.645,-1.857,-0.6455,1.446,-0.7563,1.526,3.492,1.453,1.273,0.0911,0.01023,-2.154,-0.975,0.2725,-0.3608,-2.291
1.704,1.157,1.292,0.10626,-0.7124,0.4077,-0.8975,-1.396,-0.951,1.979,-0.1954,-0.818,-0.185,-0.02597,1.116,-0.0525,-1.277,0.616,0.492,0.48
-0.6626,-1.621,-0.7505,0.06177,-1.258,0.5625,0.1765,0.7744,-1.236,-0.65,0.3503,0.978,-0.7065,-0.5845,-0.559,0.65,0.7476,-1.25,0.1274,0.4768
0.6597,0.9087,1.005,0.2625,-1.152,0.6665,-0.7275,-0.01542,-0.948,0.517,-0.1345,-0.93,-0.2379,-0.3308,0.7773,-0.02066,0.4053,-0.7812,0.319,0.875
-0.9873,-1.684,-1.152,-1.237,-0.02847,-1.313,0.5596,0.2505,-0.6465,-1.043,0.2888,1.519,-0.498,0.5605,-0.857,0.4248,0.5967,-0.4133,-1.607,0.9224
0.2461,-0.959,-0.501,-1.558,-0.07715,-2.041,-0.7935,-0.6797,-0.903,-0.275,1.603,1.425,0.3538,0.6587,-0.674,-0.651,0.589,-0.942,-0.9897,-0.2319
1.152,1.347,1.276,-1.018,1.401,-0.5093,-1.011,0.4177,1.446,1.3125,-0.702,-0.2317,-0.1998,1.998,1.534,-1.012,-2.281,-0.5215,1.808,-0.5376
1.362,-0.0997,-0.5986,1.4,0.892,0.7705,-1.008,0.6743,0.8735,1.605,-1.077,-0.556,-1.1,-0.4983,1.259,0.3882,-0.659,-0.1975,0.1858,0.5884
1.746,0.5386,0.2727,1.6045,0.0868,0.914,-1.044,0.4158,-0.1338,1.86,-0.83,-1.317,-0.8677,-1.086,1.136,0.932,-1.033,-0.0679,1.331,-0.2416
-1.18,0.937,0.8853,-0.2467,1.07,0.453,1.093,-0.1396,1.583,-1.277,-0.721,-0.346,0.0797,0.8486,0.505,-0.7935,0.08356,0.07635,-0.6733,0.9717
-1.268,-0.5312,-1.034,-0.4084,0.2925,-0.1065,1.429,-0.5205,-0.291,-0.739,-0.682,0.996,0.2065,-0.0266,-1.096,-0.189,0.753,0.0625,-1.358,1.264
1.177,-0.3726,-1.076,-1.325,-0.7344,-1.824,-0.662,-1.061,-0.906,1.516,1.868,1.197,0.6587,-0.0824,-0.1697,-1.547,-0.3103,1.311,-1.373,-1.774
0.8306,-0.2225,-0.7007,0.2915,0.036,0.5234,-0.7847,-0.2106,-0.1722,0.846,-0.7817,0.3347,-1.002,-0.9536,0.544,-0.2815,0.4058,0.2133,-0.3096,1.117
-1.356,0.6006,0.3086,-1.502,-0.656,-2.086,1.945,-0.775,-1.226,-0.6353,1.928,0.279,2.78,-0.853,-2.168,-0.1531,-0.706,-0.9824,0.2009,-0.6094
0.9106,-1.574,-0.792,1.038,0.9365,0.982,-0.6416,0.4038,1.585,1.085,-0.6987,-0.0658,-1.059,-0.1022,1.351,-0.02596,-0.3733,-0.06323,-0.568,0.8374
1.322,1.531,1.861,1.115,1.413,0.844,-1.124,-0.3628,1.476,1.394,-1.001,-1.708,0.7534,2.281,2.84,-0.4531,-3.64,1.732,2.88,-2.34
1.689,-0.9985,-1.124,0.2783,-1.302,1.075,-1.025,1.5205,-1.189,1.895,0.2708,0.7266,-1.245,-0.8335,1.207,-0.4048,-1.2,-0.5713,0.5083,-0.7363
-0.9976,-0.4783,-0.564,0.035,-1.146,0.3684,0.6396,-0.4468,-0.753,-0.762,-0.04965,0.9414,-0.52,-0.5083,-0.8433,0.592,0.9526,-0.942,-0.522,1.275
-0.0684,-1.259,-0.686,0.3171,0.7007,0.2369,-0.2683,0.5933,0.8594,-0.4219,-0.6895,0.621,-0.8545,-0.1525,-0.783,0.7925,0.771,-0.8647,-0.783,0.9404
-1.6,0.945,0.708,0.883,-0.8647,1.021,2.252,1.429,-0.953,-1.002,-0.2666,-1.639,1.449,-1.032,-0.3215,0.1459,-0.09595,0.41,1.309,-1.5205
0.1898,1.079,1.1875,1.301,-1.365,1.184,-1.023,1.483,-0.8916,-0.05405,0.2267,-1.745,-0.36,-0.2512,0.1615,1.29,0.598,-0.2014,1.082,-0.9565
-0.9473,-1.177,-0.544,-1.003,-0.958,-0.9346,0.5454,-1.681,-0.9785,-0.5806,0.05835,1.317,-0.6523,0.2476,-1.158,0.7676,0.8794,0.4712,-1.614,1.055
-0.356,1.435,2.037,1.13,-1.013,0.5435,-0.1628,1.065,-0.9478,-0.58,0.02414,-1.992,1.056,0.2896,0.0874,0.2241,0.4348,0.1659,0.653,-0.2478
-1.134,-1.612,-0.9155,-0.8853,-1.129,-0.799,1.007,-0.646,-1.039,-1.062,0.391,1.414,-0.1936,0.1241,-1.275,-0.03662,0.913,-0.3718,-1.098,0.8643
0.3428,-0.2078,-0.5625,-0.812,-1.529,-0.3047,-0.6353,0.72,-0.9507,-0.1768,1.224,0.9316,-0.256,-0.5005,-1.281,0.2979,0.9717,-1.6,0.1389,-0.1214
-1.065,-0.477,-0.9155,1.45,0.511,1.14,0.8687,0.3079,0.4602,-0.577,-0.9106,-0.392,-0.776,-1.21,-0.481,1.194,0.881,-0.0833,0.0774,0.7324
-1.549,0.01591,-0.239,-1.313,-0.66,-1.207,2.408,0.615,-0.8086,-0.979,0.4614,0.963,1.299,-0.4983,-1.858,-0.285,0.2766,-1.268,0.05164,0.625
-1.427,0.06384,-0.1879,-1.431,1.498,-1.76,1.932,0.893,1.26,-0.867,1.392,1.047,1.988,1.698,-0.3171,-1.84,-1.938,0.448,0.663,-1.183
-0.969,-0.158,-0.4343,-1.055,-0.623,-0.711,0.4539,0.949,-0.644,-1.072,0.2018,1.151,-0.6816,0.0797,-1.377,0.9775,0.9697,-1.832,0.2603,0.4792
-1.559,0.3967,0.0427,-0.8516,-0.146,-0.2341,2.236,1.377,-1.05,-0.643,-0.4546,0.372,1.271,-0.881,-1.594,-0.1819,0.279,-1.171,0.4849,-0.282
1.462,-1.282,-1.082,1.476,1.704,0.907,-0.7754,-1.177,1.573,1.353,-0.7373,-0.4631,-0.695,0.6665,2.215,-0.043,-1.92,1.667,0.92,-0.5356
1.111,1.559,1.745,0.7437,0.7886,0.929,-0.9116,0.4497,1.21,1.559,-0.584,-1.681,0.4507,1.229,2.72,-0.2722,-2.58,0.566,2.781,-0.9985
-1.289,-1.614,-0.9365,0.9688,-0.63,0.7554,1.621,1.6045,-0.5396,-1.01,-0.293,0.1439,0.3235,-1.128,-0.7354,-0.1427,0.7676,-0.5454,-0.014465,-0.298
1.257,0.2437,-0.02008,1.41,-0.654,1.41,-1.02,-1.096,-0.9116,1.593,-0.274,-1.003,-0.829,-1.241,1.177,0.974,-0.642,0.3972,0.858,0.662
0.806,0.9336,0.9585,-0.4734,1.401,-0.1768,-0.6304,1.226,1.5,1.313,-0.3958,-0.1997,-0.5205,1.352,1.597,-0.5317,-1.581,-0.993,1.424,-0.8564
0.4153,-1.682,-1.114,-0.2705,1.672,0.3877,-0.6514,1.188,1.563,-0.3928,-0.773,1.179,-1.17,1.75,0.875,-0.752,-1.035,-0.06143,-0.8525,0.4282
-1.323,-1.308,-0.896,-1.592,-0.7173,-2.447,1.741,-0.3296,-0.658,-0.831,2.242,1.5205,2.361,0.1484,-1.458,-0.798,-0.8643,-1.12,-0.093,-0.675
-0.827,1.446,1.862,0.9443,-1.146,0.951,0.4155,0.9604,-0.9775,-0.622,-0.1438,-1.818,0.8945,0.6006,0.8257,-0.4355,0.11145,0.4836,0.9194,-0.1215
-0.4583,0.738,0.5444,0.04706,0.941,0.5645,-0.2632,1.395,0.9946,-1.034,-1.015,-0.4392,-0.604,-0.01588,-0.4475,1.31,0.8516,-1.123,-0.494,0.2485
0.829,0.077,-0.591,-0.22,0.7666,0.542,-0.5537,0.0446,0.8467,0.8154,-0.8047,0.631,-1.023,-0.1526,0.765,-0.6,0.1588,-0.00808,-0.8486,0.8823
-0.9497,-1.528,-0.615,-0.6743,0.4768,-0.2244,0.872,-0.9473,0.318,-0.8545,-0.518,1.401,-0.3564,0.58,-0.561,-0.2593,0.592,-0.03008,-1.232,1.058
0.2086,-0.4324,-0.874,0.706,-1.139,0.7847,-0.365,1.03,-0.6265,-0.266,-0.2294,-0.09814,-1.022,-1.25,-0.446,1.2295,1.023,-0.968,0.724,0.07697
0.4946,1.458,2.158,1.109,1.281,1.145,-0.788,1.569,1.594,-0.1771,-0.661,-1.804,0.865,2.312,1.462,-0.319,-1.882,0.779,2.404,-2.445
1.712,-0.6133,-0.5747,-0.6084,-1.224,0.001585,-0.905,0.482,-0.8745,2.027,0.4434,1.052,-0.6826,-0.1746,0.3438,-0.4697,-0.6514,-0.6743,-0.372,0.892
-1.18,-0.8657,-0.785,-0.4065,0.89,0.0786,1.002,1.289,1.098,-0.8306,-0.4766,1.186,-0.3713,0.8228,-0.00904,-0.84,0.3896,-0.05463,-1.041,-0.11426
0.7573,-0.3562,-0.5483,1.318,0.9814,1.084,-0.9727,1.583,1.443,0.9014,-0.8037,-0.36,-0.9014,-0.199,1.228,0.157,-0.10297,-0.2769,-0.3271,-0.2172
-0.4087,1.145,1.256,-1.165,0.2262,-1.169,0.0464,-0.845,-0.2468,-0.8164,0.1367,-0.2393,-0.0498,0.369,-1.103,0.8047,0.725,-1.07,-0.227,1.175
-1.654,-1.296,-0.9346,-0.7163,-0.994,-0.3994,2.455,-0.0522,-1.087,-0.9644,0.01756,1.361,1.064,-0.04074,-1.419,-0.538,0.616,-0.5356,-0.9814,1.142
-1.4375,-0.5615,-0.8794,1.688,1.081,0.855,1.91,0.3306,1.306,-1.076,-0.7964,-0.5283,0.9204,-0.1807,-0.332,-0.3157,0.613,0.4111,-0.574,0.7915
-1.236,0.7026,0.3838,-0.44,-0.5845,0.06836,1.269,0.477,-0.745,-0.6323,-0.3481,-0.28,0.1056,-1.027,-1.458,0.986,0.9575,-0.9272,0.3225,0.7007
-0.523,-0.85,-0.445,-1.051,-1.628,-0.9937,-0.33,-1.625,-1.004,-0.9478,1.557,1.206,0.4856,0.0361,-1.635,0.1985,0.769,0.3289,-1.491,-0.1431
1.096,-0.1713,-0.4294,-1.552,1.528,-2.195,-0.992,1.137,1.758,1.198,2.084,1.11,0.7915,1.794,1.108,-2.428,-1.508,0.6636,-0.543,-1.5205
-0.832,-0.294,-0.3389,-1.2295,1.507,-1.661,0.02803,0.76,1.473,-0.843,1.319,1.297,-0.0826,2.246,-0.1855,-1.187,-0.786,-0.699,-0.575,-0.295
-1.313,-1.669,-0.7754,-0.398,-1.197,-0.1156,1.436,1.424,-0.9287,-0.8926,0.2427,1.277,0.134,-0.02701,-1.148,-0.3171,1.023,-1.342,-0.3718,-0.1493
-0.9697,-0.8823,-0.9756,-0.8076,0.4338,-0.5356,0.4934,-1.134,0.2246,-0.702,-0.6255,1.355,-0.6133,0.7227,-0.52,0.2441,0.472,0.6855,-1.816,1.084
1.232,-0.418,-0.6377,0.7993,0.6353,0.7017,-0.8887,-0.383,0.699,1.135,-0.7617,-0.2869,-1.102,-0.8413,0.894,0.4648,0.1096,-0.3735,-0.1525,1.154
0.548,1.215,1.739,0.3467,-0.03894,0.2494,-0.81,-1.325,-0.588,0.1512,-0.686,-1.106,0.745,0.5586,0.4856,-0.3901,0.1087,1.267,-0.6655,0.3152
1.175,-1.377,-0.6235,-0.4138,-1.594,-0.1888,-0.893,1.302,-1.151,1.33,1.273,1.06,-0.3672,-0.4102,0.0387,-1.042,-0.0251,-0.8687,-0.4111,-0.9307
1.098,-1.67,-0.954,-1.263,-1.668,-1.106,-0.694,-1.266,-0.8145,1.167,1.88,1.529,0.66,0.2327,0.1927,-2.227,-0.2744,2.592,-1.394,-2.074
0.731,1.007,1.046,0.882,-1.668,0.836,-0.775,-1.512,-1.256,0.4424,1.44,-1.663,0.8345,-0.4658,0.6533,-0.1522,0.3906,1.835,0.993,-2.205
-0.701,-1.13,-1.125,-1.34,-0.5225,-1.497,0.2416,0.2346,-0.557,-0.6646,0.9824,1.522,-0.4045,0.2617,-1.268,0.576,0.8926,-0.8584,-0.783,0.4998
0.05603,-0.1725,-0.8374,1.563,0.2114,0.9507,-0.355,0.1108,-0.2798,-0.6514,-0.75,-0.518,-0.887,-1.082,-0.4578,1.573,0.972,-0.11646,-0.173,0.8853
-0.8833,-0.806,-0.528,0.8677,-1.181,0.6577,0.547,-0.2805,-1.004,-0.973,-0.2063,-0.1105,-0.8433,-1.331,-0.777,1.465,1.109,-0.8667,0.4126,0.873
-1.301,-1.004,-0.986,-0.3428,1.57,0.1182,1.326,0.1383,1.544,-1.305,-0.7314,1.101,-0.2173,1.796,0.1461,-1.3,-0.6445,0.7334,-1.158,0.8013
-0.288,-0.4165,-0.11896,1.36,-0.3948,0.664,-0.2399,-0.3423,-0.731,-0.816,-0.1434,-0.4927,-0.8164,-1.347,-0.71,2.016,0.9985,-0.909,0.848,0.6035
1.409,-1.461,-1.216,0.617,1.205,0.679,-0.9814,0.616,1.072,1.837,-0.749,0.03546,-1.153,0.292,1.622,-0.2042,-1.82,0.1973,0.625,0.088
-0.7275,0.8193,0.4995,-1.612,-0.4375,-2.32,0.4504,-0.7715,-0.445,-0.494,1.988,0.0528,1.346,-0.714,-1.836,0.3777,0.2708,-1.222,0.0251,-0.647
0.6455,-1.592,-0.683,1.412,-0.7256,0.888,-0.785,-1.585,-0.739,0.45,-0.5127,-0.2622,-1.015,-1.445,0.3972,0.7104,0.7456,1.275,-0.335,0.1921
0.2422,-0.5576,-0.958,1.293,-0.724,1.07,-0.3586,-0.6743,-0.891,-0.2737,0.1451,-0.357,-0.7827,-1.586,-0.2952,1.169,1.123,-0.0682,0.6714,0.662
-0.2725,-0.8447,-0.9155,0.835,1.697,0.886,-0.1439,-0.2842,1.526,-0.6177,-0.999,-0.0871,-0.9834,0.392,0.525,0.0784,0.775,0.6157,-1.166,0.9854
1.586,-0.8706,-0.9873,0.683,-1.651,0.4246,-1.039,-1.034,-1.009,1.737,1.351,0.02083,-0.0894,-1.568,0.5605,-1.336,-0.4788,1.427,0.44,-1.455
0.06354,-0.09485,-0.3008,-1.192,-0.07184,-1.252,-0.388,1.075,-0.775,-0.321,0.2003,1.255,-0.7065,0.3892,-0.8687,0.6685,0.6533,-1.826,0.3323,0.2018
0.906,1.226,1.471,-0.2031,0.01959,0.1697,-0.7896,1.455,-0.893,0.966,-0.8237,-0.4473,0.2827,0.672,1.311,-1.189,-0.441,0.0369,-0.4878,-0.2505
0.786,-1.506,-0.722,0.7417,1.15,0.6045,-0.6924,1.616,1.405,0.6562,-0.8066,0.0741,-1.024,0.08044,1.02,-0.2004,0.275,-0.53,-0.864,-0.2286
-1.104,0.5884,-0.002926,-0.9854,0.3474,-0.573,0.7744,-0.087,0.006958,-0.7544,-0.1514,0.1942,-0.8345,-0.5713,-1.568,1.514,1.099,-0.9976,-0.6055,1.2
-1.032,-1.353,-0.968,1.29,-1.313,1.135,0.8477,-0.5127,-1.0625,-0.7256,0.12115,-0.3972,-0.3535,-1.409,-0.427,0.744,0.9517,-0.547,0.4502,0.7847
0.568,-1.13,-1.041,-0.873,0.2522,-0.594,-0.7173,-1.309,-0.2191,0.142,-0.4292,1.23,-0.9883,0.2389,-0.579,0.4343,0.8213,0.5146,-1.526,1.099
-1.036,1.544,1.863,0.4077,0.4321,1.02,0.4492,-1.283,0.5137,-1.01,-0.4775,-1.204,1.057,1.015,1.001,-0.7153,-0.3254,1.116,-0.469,0.481
-1.382,1.5,1.934,0.646,-0.9043,0.7256,1.939,-0.2068,-1.134,-0.504,-0.1501,-1.653,2.314,0.3867,0.3955,-0.3494,-1.1045,0.7393,1.718,-0.959
0.02005,-0.6235,-0.649,0.135,-0.357,0.518,-0.2128,-1.688,-0.7114,-0.3691,-0.617,0.758,-0.938,-0.8384,-0.5347,0.5664,1.075,1.295,-1.14,0.1527
0.6187,1.6455,2.035,1.54,-0.2542,0.7456,-1.067,-0.02637,-0.6235,0.2207,-0.2559,-1.89,0.794,0.629,1.457,-0.297,-0.552,1.177,1.067,-0.6504
-1.456,0.3955,-0.353,1.392,1.137,0.737,2.117,0.06107,1.347,-0.4333,-1.022,-1.258,0.892,-0.1321,-0.1703,0.263,0.617,0.7607,-0.4053,0.6704
0.1187,0.5015,-0.1118,-1.435,0.7236,-2.215,-0.4163,-0.6523,0.9746,-0.5337,1.812,0.3503,0.9565,-0.6035,-1.792,-0.2329,0.7188,-1.163,0.3425,-0.528
1.761,1.104,1.323,-1.22,1.633,-0.8584,-0.8027,0.1328,1.637,1.895,-0.709,-0.163,-0.1677,2.293,1.521,-0.9497,-3.35,-0.526,1.564,-0.336
1.079,-1.165,-0.702,1.085,0.2473,0.6567,-1.011,0.691,-0.1573,1.107,-0.787,-0.04605,-1.184,-0.8467,0.796,0.2456,0.1885,-0.3547,0.221,0.545
-1.384,-1.537,-1.045,-0.3362,-1.23,-0.1012,1.911,-0.1381,-0.9956,-1.098,0.003391,1.386,0.936,0.00819,-1.331,-0.5654,0.6724,-0.261,-0.9062,0.9507
1.313,-1.593,-1.097,-0.574,-0.07495,-0.2705,-0.7046,-1.643,-0.506,1.509,-0.4492,1.2295,-1.094,-0.04117,0.435,-0.584,-0.35,1.997,-1.306,-0.3096
-1.44,-0.1407,-0.3474,0.02217,0.421,0.3687,1.974,0.7515,0.1722,-0.5864,-0.5977,0.8115,0.6084,-0.6143,-0.9053,-0.3176,0.626,-1.065,-0.1506,0.767
1.282,1.098,1.075,0.1737,-1.577,0.5435,-0.9565,-0.5977,-1.395,1.514,1.066,-0.6987,0.1047,-0.3757,0.9653,-0.6333,-0.375,-0.4612,0.0625,0.4585
-0.3972,1.506,1.931,0.409,-0.7104,0.673,0.02042,0.05405,-1.045,-0.532,-0.4082,-1.316,1.032,0.608,0.5083,-0.1857,0.01045,-0.1342,0.12146,0.938
-0.9,-0.542,-0.896,-0.3735,0.7236,0.3918,0.5005,-1.297,1.331,-0.781,-0.8096,1.084,-0.508,0.3267,-0.1829,-0.5654,0.4917,1.028,-1.975,0.6636
1.052,-0.2573,-0.5835,-0.1552,0.5527,0.11664,-0.9087,1.33,0.5894,1.422,-0.6416,0.7944,-0.846,-0.3782,0.321,-0.5005,-0.2471,-0.7495,-0.509,0.2415
0.664,1.29,1.693,-0.453,1.451,0.1761,-0.834,-0.7534,1.399,0.2029,-0.952,-0.5786,0.5493,2.498,1.138,-0.9775,-1.526,0.8677,0.2957,0.632
-0.07385,-1.541,-0.8833,-1.575,0.00993,-2.168,-0.4038,0.03268,-0.59,-0.7793,1.739,1.484,0.624,0.624,-0.777,-0.593,0.384,-0.8555,-0.7983,-0.5015
-0.9727,-1.187,-1.108,-0.6577,1.624,-0.307,0.8384,-0.501,1.706,-0.744,-0.713,1.23,-0.771,1.873,0.0611,-0.337,-0.4136,0.638,-1.461,1.055
-0.2373,1.547,1.788,-0.5938,-1.429,0.1371,-0.2343,0.3093,-1.028,-0.501,0.799,-0.504,1.038,0.3223,-0.404,-0.2406,0.2317,-1.491,0.7983,0.151
1.138,-0.04117,-0.705,-1.223,-0.9116,-1.294,-0.7373,0.835,-0.7495,1.029,0.708,0.94,-0.692,-0.4402,-0.3418,-0.254,0.7246,-1.37,-0.1931,0.287
0.4897,-1.637,-0.8027,-0.74,-1.672,-0.2834,-0.2976,-0.6323,-1.185,0.2472,1.149,1.233,-0.4285,-0.01493,-0.7173,-0.1154,0.649,-0.764,-0.6426,0.5454
1.698,1.428,1.913,1.333,-0.3882,0.694,-0.857,0.5933,-0.763,1.719,-0.5693,-1.993,0.8203,0.6357,2.152,-0.4834,-2.535,1.239,3.451,-1.884
0.822,1.075,1.232,0.5474,-0.1827,0.71,-0.7275,1.0205,-0.5938,0.6914,-0.938,-1.335,-0.1261,0.12354,1.077,0.2544,0.00791,0.29,0.01631,0.3281
-0.8447,0.784,0.441,0.5415,0.2583,0.6562,0.4417,0.4292,-0.03217,-0.6714,-0.8115,-1.238,-0.556,-0.6353,-0.5303,2.082,1.078,-0.5938,0.1953,0.857
-0.733,0.778,0.5034,-1.323,0.3684,-1.686,0.0522,1.547,0.1838,-1.054,1.516,-0.04318,0.7207,-0.5845,-1.879,0.5356,0.791,-1.818,1.392,-2.615
-0.5337,0.8784,0.7275,0.8315,1.326,0.4983,-0.2734,-0.09503,1.687,-1.258,-0.7236,-1.621,-0.78,0.846,0.561,1.515,0.5195,0.405,0.5723,0.7583
-0.5264,-1.113,-1.252,-0.977,1.558,-0.814,0.003845,-0.866,1.672,-0.3518,-0.3733,1.399,-0.904,2.275,0.06033,-0.18,-0.689,0.5454,-1.376,0.8696
-0.08234,0.1548,-0.4788,0.4832,-0.09033,0.876,-0.1069,-1.326,-0.4578,-0.3489,-0.4924,-0.4,-0.8276,-1.221,-0.4033,1.25,0.836,0.3008,-0.1714,0.6973
0.09436,0.159,-0.1515,-0.1813,-1.697,0.1957,-0.3018,0.581,-1.059,-0.458,1.375,0.4712,0.2703,-1.028,-1.071,0.1049,0.755,-1.51,0.5703,-0.442
-0.158,-0.71,-0.7534,1.306,1.23,1.163,-0.3262,0.1782,1.364,-0.3547,-0.953,-0.542,-0.803,-0.3489,0.01038,0.8774,0.9224,0.0512,-0.479,0.9683
-0.0515,-0.316,-0.5586,-0.753,-0.829,-0.64,-0.139,0.438,-1.091,-0.73,0.3762,0.9653,-0.7144,-0.6167,-1.884,1.273,1.064,-1.471,0.3608,0.7007
0.744,-0.9946,-0.922,-0.6562,0.784,-0.06476,-0.2032,0.07666,1.242,0.416,-0.6606,1.245,-1.347,0.7793,0.6587,-0.4944,0.4514,-0.3818,-1.272,1.217
-0.6562,1.46,1.799,0.9233,1.02,0.784,0.3516,1.142,1.379,-0.694,-0.7617,-1.774,0.873,1.682,1.101,-0.2286,-1.158,1.241,1.325,-1.623
1.411,-1.649,-1.059,-0.3013,-0.641,-0.07294,-0.9375,0.728,-0.6934,1.686,-0.4695,1.3,-0.827,0.1656,0.5396,-0.9497,-0.7275,0.2146,-0.5293,0.54
0.3894,0.1813,0.05762,0.2766,0.1226,0.7935,-0.606,-0.718,-0.4397,-0.248,-0.7344,0.0027,-0.686,-0.8423,-0.372,0.7065,0.8916,-0.6807,-0.4106,1.189
-0.3604,0.7793,0.2764,-1.245,-0.03116,-1.682,-0.3713,-0.9414,-0.276,-0.3906,1.211,-0.0585,0.2837,-1.143,-2.053,0.767,0.9165,-0.6074,-0.09607,0.1049
-1.095,1.311,1.773,0.645,-0.543,0.9277,0.82,-1.205,-0.597,-1.058,-0.1659,-1.583,1.296,0.5283,0.701,-0.51,-0.1605,1.345,0.1721,-0.01483
-0.7646,-0.5986,-0.746,-0.791,0.864,-0.1561,0.08234,-1.404,0.734,-0.8486,-0.6772,1.177,-0.7505,0.6597,-0.284,-0.33,0.613,1.104,-1.763,0.7305
-1.036,0.431,-0.04367,0.04044,-1.333,0.6387,0.4944,-0.984,-1.099,-0.9297,0.3694,0.0479,-0.1393,-1.11,-0.675,0.2452,1.101,-0.4038,-0.6274,0.859
1.144,0.811,0.321,-0.01959,0.2002,0.3967,-0.841,-1.143,-0.0344,1.288,-0.6626,-0.4758,-0.749,-0.831,0.6436,0.2874,0.316,0.4458,-0.4543,1.042
1.161,-0.6006,-0.965,-0.9233,-0.7285,-0.262,-0.8364,-0.2291,-0.7275,1.441,-0.195,1.372,-1.1455,0.1466,0.3843,-0.4197,-0.2576,-0.1687,-1.199,1.187
-1.647,-0.756,-0.896,0.6875,1.224,0.906,2.47,1.0625,1.384,-1.088,-0.781,0.04633,0.8286,0.2408,0.09125,-1.384,0.4187,1.142,-1.346,-0.1099
1.005,-1.371,-1.311,1.371,-0.883,0.824,-0.752,1.35,-0.7954,1.143,-0.199,-0.006996,-0.8174,-1.53,0.8877,-0.1002,0.2343,0.2462,0.2961,-0.289
-1.396,-0.343,-0.5474,1.265,0.4016,1.324,1.828,0.8184,0.11444,-1.062,-0.9824,-0.5093,0.6665,-1.336,-0.475,0.3037,0.5425,-0.2908,0.658,0.525
0.341,0.545,0.1738,-0.08295,1.135,0.3472,-0.8687,-1.151,1.323,-0.4658,-0.689,-0.3276,-0.803,0.3037,-0.11395,0.549,0.6997,-0.0834,-1.001,1.213
1.227,0.89,0.534,0.685,1.59,0.9746,-0.8994,1.033,1.648,1.598,-1.125,-1.399,-0.761,0.694,2.404,0.6704,-2.232,0.832,2.334,-1.645
1.231,-1.084,-0.843,-1.554,1.078,-2.152,-0.797,0.359,1.378,1.535,1.699,1.529,0.3438,1.451,1.169,-2.406,-1.521,1.054,0.1598,-1.3
0.04688,-1.72,-1.154,-0.748,-0.284,-0.1877,-0.4275,1.337,-0.501,-0.696,-0.457,1.34,-0.7856,0.4092,-0.6675,0.5894,0.709,-0.8022,-1.084,0.181
1.593,0.05243,-0.6665,-0.1611,1.131,0.4487,-0.968,0.3123,1.798,1.781,-0.819,0.6797,-0.9043,0.6543,1.958,-0.7573,-2.143,0.01211,0.789,0.561
-1.264,-0.0663,-0.3154,-0.9062,0.9097,-0.3992,1.436,1.431,0.9663,-1.247,-0.5015,1.143,0.1201,0.7197,-0.6655,-0.8193,0.4387,-0.758,-0.974,0.0889
1.414,0.6587,0.3306,-0.1126,-0.2952,0.4712,-0.54,-1.213,-0.75,1.705,-0.4255,-0.2766,-0.7085,-0.8584,0.9307,0.1068,-0.7563,-0.0758,0.2413,1.017
1.022,0.08093,-0.00975,1.617,1.001,0.966,-0.7666,1.092,1.175,0.9155,-0.84,-0.867,-0.905,-0.2141,1.25,0.8354,0.1974,-0.6797,0.1141,0.5327
-1.626,0.2776,-0.2644,0.4597,-1.02,0.845,2.566,1.098,-0.9404,-1.123,-0.2227,-0.255,1.071,-1.512,-0.6387,-0.3508,0.6406,-0.879,1.05,-0.303
-1.054,0.829,0.4553,-1.198,1.313,-1.143,0.792,1.127,1.398,-0.9185,0.09155,-0.1549,-0.3835,0.786,-0.4905,0.6216,0.6245,-1.718,0.5923,-0.122
1.634,-0.2333,-0.5015,1.252,1.438,0.737,-0.9575,-0.551,1.297,1.896,-0.8057,-0.6494,-0.89,0.3103,1.913,0.4802,-2.271,0.496,1.43,-0.1316
0.536,1.525,1.828,-0.9463,-1.03,-0.683,-1.004,0.9824,-0.982,0.09436,0.2776,-0.3071,1.025,0.482,-0.2888,-0.761,0.298,-1.007,-0.4133,0.4402
1.218,0.567,0.2783,0.08636,-0.8457,0.1913,-0.571,1.495,-0.5996,1.793,-0.617,-0.4226,-0.851,-1.276,0.3518,0.665,-0.56,-0.9834,1.115,-0.8555
-1.505,1.083,1.413,-0.03044,0.867,0.3606,2.117,-1.383,1.025,-0.9727,-0.904,-0.4072,1.983,1.477,0.4631,-1.407,-1.705,1.839,0.4077,-0.4775
1.514,0.02773,-0.487,-0.4702,0.09814,0.07025,-0.9478,-1.014,-0.1285,1.498,-0.04184,0.9346,-0.812,-0.09546,0.4768,-0.759,-0.3481,0.388,-0.837,0.97
0.797,0.797,0.6763,-0.968,1.616,-0.6567,-0.9766,-1.586,2.094,0.911,-0.523,-0.1521,-0.7656,1.226,1.175,-0.3374,-0.6753,0.984,-0.9385,0.601
-0.1421,-0.3323,-0.768,0.3503,-1.247,0.2627,-0.1892,-0.501,-1.1,-0.7227,0.3208,0.4216,-0.671,-1.109,-1.144,1.113,0.931,-0.9297,0.00808,0.9272
-0.5337,1.253,1.686,0.549,-0.6147,0.9106,0.03583,-0.35,-0.91,-0.655,-0.525,-1.429,0.697,0.4202,0.662,-0.3645,0.363,0.1439,0.0756,1.045
1.546,1.035,0.896,-0.715,-1.649,-0.2103,-1.085,0.6577,-1.161,1.869,1.386,-0.254,0.4175,-0.7134,0.13,-1.054,-0.7812,-0.9106,0.4233,-0.622
1.414,-1.571,-1.365,-0.2095,-0.468,0.3525,-0.9473,-1.337,-0.7324,1.845,-0.635,1.123,-1.056,-0.1831,1.028,-0.9507,-0.937,2.229,-0.6865,-0.409
0.936,-1.021,-0.708,0.129,0.011116,0.2388,-0.5522,-0.4392,-0.2452,0.816,-0.804,0.7837,-0.87,-0.6035,0.1848,-0.2705,0.502,-0.0987,-0.8,1.298
0.532,-0.7314,-0.6533,-1.548,0.0819,-2.17,-0.6636,0.447,-0.393,0.3826,2.21,1.421,0.995,0.5923,0.0513,-2.023,0.06506,0.4895,-1.217,-0.8613
-0.3137,-1.185,-0.6455,1.44,0.6855,0.8228,-0.131,0.2837,1.045,-0.5244,-0.501,-0.087,-0.923,-0.5293,-0.2229,0.513,1.03,-0.368,-0.5537,0.93
1.131,-0.1566,-0.324,-1.458,-1.262,-1.776,-0.815,0.1025,-1.18,1.24,2.676,1.117,1.193,-0.1272,-0.2179,-1.781,-0.1047,0.229,-0.825,-0.9355
0.6504,1.573,1.973,0.7324,-0.7,0.9644,-0.534,-1.634,-0.743,0.1461,-0.2964,-1.558,0.853,0.4805,1.168,-0.4968,-0.1947,2.582,0.5425,-0.811
1.514,1.593,2.242,-0.7773,-1.276,-0.2434,-1.224,0.2634,-0.969,1.449,0.306,-0.413,1.157,0.5703,1.238,-1.592,-1.201,-0.1957,0.1427,0.6304
-1.219,0.929,1.119,0.0097,0.5044,0.3828,1.357,-0.2847,0.787,-0.5337,-0.732,-0.4631,0.726,0.3706,-0.06067,-0.6455,0.339,-0.2573,-0.7183,1.1045
-1.459,-1.553,-1.147,-1.589,0.9785,-2.287,2.232,1.443,1.213,-0.849,1.84,1.48,2.791,1.321,-0.3923,-1.802,-1.701,0.8965,0.363,-2.436
0.5195,1.635,2.105,0.903,-1.701,0.802,-0.6313,-0.5576,-1.094,0.00498,1.479,-1.774,2.133,0.4968,0.95,-0.6714,-1.123,1.11,1.666,-2.352
1.044,1.378,1.425,0.8022,-0.2974,0.887,-0.995,-0.149,-0.9346,1.378,-0.822,-1.677,0.1779,0.39,2.006,-0.29,-1.642,0.894,2.346,-1.388
-1.424,-1.371,-0.8555,0.6177,-0.517,0.42,1.873,0.09735,-0.76,-1.306,-0.3018,0.05295,0.9053,-1.48,-1.099,-0.4016,0.7793,-0.1792,0.44,0.7275
-1.081,1.377,1.844,0.4426,-1.235,0.839,0.966,-0.779,-0.994,-0.736,0.3606,-1.364,1.457,0.4248,0.4573,-0.4944,-0.2751,0.6294,0.1439,0.4646
-0.87,-0.4902,-0.8896,1.443,1.582,0.6787,0.5146,-1.273,1.583,-0.759,-0.5015,-0.4226,-0.6807,0.2352,-0.0174,0.5996,0.9863,0.7695,-0.9307,0.9214
1.489,-0.1263,-0.532,-1.609,-1.146,-2.543,-0.912,-1.208,-1.189,1.924,2.902,1.091,1.478,-0.2329,-0.2003,-1.762,-1.527,1.762,-0.2688,-2.156
0.675,-1.424,-0.926,-0.7456,-1.316,-0.1782,-0.6396,0.2576,-0.982,0.4849,0.611,1.518,-0.3828,0.4338,0.3772,-1.458,0.2388,0.8613,-1.545,0.384
-0.4265,0.3174,0.0325,0.962,1.056,0.942,-0.3572,-0.2742,1.506,-0.6694,-0.872,-1.011,-0.847,-0.1626,-0.2673,1.819,0.977,-0.0669,-0.6445,1.126
-0.9,-1.034,-0.835,0.944,-1.308,0.8267,0.3188,-0.3435,-0.957,-0.874,0.257,-0.07965,-0.809,-1.371,-0.652,1.155,0.792,-0.6733,0.1674,0.714
-1.542,-1.506,-1.348,-1.295,0.8525,-1.667,2.203,-1.327,1.134,-0.9766,1.524,1.568,2.135,1.283,-0.5015,-1.67,-1.198,2.752,-0.858,-2.127
-1.071,0.617,0.541,0.07874,-0.4128,0.5054,0.933,-1.193,-0.5625,-0.956,-0.4907,-0.4167,-0.0515,-0.848,-0.8213,0.8896,0.726,-0.16,-0.4119,1.175
-1.385,0.6196,0.2847,-1.126,0.4646,-1.024,1.85,-0.8223,0.702,-1.081,-0.0604,0.1261,1.091,-0.2834,-1.764,0.1547,0.633,-1.005,-0.1219,1.126
0.26,-0.649,-0.5366,1.012,1.418,0.717,-0.3464,0.1148,1.283,-0.3545,-0.7095,-0.2316,-0.9556,0.3992,0.39,0.53,0.553,-0.7397,-0.74,1.138
-1.243,-1.613,-0.833,1.189,0.2203,0.528,1.818,1.352,-0.05087,-0.984,-0.618,-0.2291,0.6543,-1.203,-0.886,0.2072,0.8735,-0.72,0.2373,-0.1598
-0.929,0.81,0.8003,0.2605,1.509,0.3066,0.67,-0.6475,1.387,-0.5903,-0.761,-0.78,-0.00789,1.026,0.4387,-0.0899,0.205,0.2764,-0.974,1.182
0.7295,-1.147,-1.042,0.616,0.2233,0.2886,-0.811,0.577,-0.2942,0.339,-0.3809,0.2651,-1.067,-1.008,-0.312,0.6626,0.6016,-0.4536,-0.0371,0.819
1.25,-0.2603,-0.2827,0.189,-0.879,0.58,-0.9043,0.386,-0.725,1.431,-0.3594,0.593,-0.9165,-0.7437,1.0205,-0.3215,-0.3765,-1.522,0.7095,0.4565
-0.11536,0.8794,0.4321,0.5464,-1.717,0.5938,-0.01999,-1.5205,-1.081,-0.4602,1.7,-1.44,0.993,-1.465,-0.798,1.533,0.658,1.884,1.15,-2.783
-1.579,1.406,1.679,0.09656,1.358,0.6484,2.613,-0.258,1.28,-1.097,-0.7905,-0.672,2.812,2.203,1.132,-1.314,-2.861,0.5737,1.191,0.02736
-1.157,-0.6523,-0.955,-0.5396,-0.2751,0.05066,1.426,-0.3035,-0.8345,-0.901,-0.609,1.178,-0.04752,0.2094,-0.9185,-0.3167,0.7944,-0.2184,-1.293,1.034
0.3308,-1.302,-0.5957,0.849,1.499,0.6978,-0.6045,-0.998,1.442,-0.2913,-0.608,0.02399,-1.06,0.6665,0.7485,0.01375,0.5093,0.2046,-0.7173,1.117
-0.1111,-0.4536,-0.6055,0.598,-1.405,0.6694,-0.284,0.2966,-1.131,-0.6353,0.641,-0.04504,-0.6646,-1.422,-0.7065,1.324,0.7246,-1.462,1.341,-0.6846
-0.8677,0.377,0.3193,-0.3823,1.367,-0.1675,0.1934,-0.6787,1.356,-0.8228,-0.7666,0.2573,-0.68,0.8022,-0.3147,0.4243,0.4192,-0.631,-0.981,1.118
-0.646,-0.966,-0.727,-1.395,-0.271,-1.616,0.0727,0.58,-0.5117,-0.82,1.389,1.329,0.03897,0.1521,-1.539,0.1461,0.7524,-1.322,-0.4084,-0.03038
-0.1236,0.5,-0.3762,0.707,-0.4692,0.868,-0.2164,-0.006435,-0.6577,-0.6167,-0.757,-1.1875,-0.819,-1.361,-0.4343,2.17,0.911,0.4314,0.8467,0.3855
1.343,-0.6245,-0.9287,-1.329,0.4438,-1.661,-0.916,-0.344,0.257,1.714,1.018,1.441,-0.4578,0.5986,0.81,-1.447,-0.9795,0.4373,-0.4673,0.314
-0.3823,0.604,0.05405,0.6543,-0.9243,0.5425,-0.2329,0.647,-0.919,-0.757,-0.4053,-1.056,-0.6294,-1.22,-0.834,2.182,0.9014,-0.6714,0.6514,0.3965
1.368,-1.378,-0.7056,-0.438,-1.622,0.1707,-0.911,-1.415,-1.032,1.599,1.386,1.209,0.0958,0.108,0.7944,-1.886,-0.74,2.107,-1.253,-1.569
0.912,-1.149,-0.7695,-1.43,1.312,-2.033,-0.8633,0.614,1.435,1.427,1.543,1.487,0.2234,2.027,1.237,-2.451,-2.053,1.4795,0.1866,-2.055
1.21,-0.11365,-0.4038,0.5703,-0.9355,0.721,-0.8228,1.077,-0.5396,1.582,-0.1052,-0.2122,-0.7036,-1.609,0.91,-0.0785,-0.578,-0.4573,1.705,-1.297
0.177,-0.2113,-0.4927,1.507,1.618,0.731,-0.581,-1.051,1.537,-0.137,-0.935,-0.572,-0.9346,0.708,0.999,0.799,0.1406,0.889,-0.8647,0.716
-1.401,0.5703,0.006718,-1.05,-0.572,-0.8745,2.234,-0.3992,-0.8203,-0.8687,0.1153,0.11804,1.5205,-1.065,-2.03,0.0503,-0.2537,-0.811,0.1317,0.913
-1.385,1.329,1.297,0.1876,0.6265,0.525,1.948,0.536,1.012,-0.757,-0.752,-1.01,1.687,0.6094,0.3784,-0.5684,-0.67,-0.012146,0.2764,0.753
-1.316,1.009,1.003,0.3406,0.4954,0.717,1.799,-0.803,0.2698,-0.9004,-0.805,-0.813,1.281,0.0682,-0.0662,-0.3005,0.0847,0.278,-0.656,1.149
-0.7705,-0.3982,-0.5547,0.2617,0.251,0.449,0.3628,-1.166,-0.1439,-0.8174,-0.571,0.5386,-0.7803,-0.6343,-0.6772,0.7915,0.811,0.1975,-0.991,1.204
1.683,0.5854,0.06076,1.257,0.7764,0.884,-1.072,0.5464,0.974,1.613,-0.742,-1.41,-0.666,-0.5796,1.237,0.862,-0.8936,0.6846,0.7773,0.2788
-1.538,-0.5015,-0.889,-0.222,-1.205,0.3362,2.527,1.279,-0.959,-0.7964,0.1128,0.8994,1.052,-0.809,-1.141,-0.4128,0.729,-1.097,-0.277,-0.2142
0.004635,-1.228,-1.245,0.594,-0.4004,0.715,-0.3645,-1.674,-0.536,-0.2443,-0.5474,0.2468,-0.8667,-1.251,-0.5273,0.9316,1.015,2.125,-0.542,-0.3743
-0.2173,0.8223,0.651,-0.574,-1.417,-0.164,-0.4714,0.4211,-1.209,-0.7754,0.8535,-0.3467,-0.1512,-0.9478,-1.675,1.51,1.022,-1.834,1.616,-0.6396
-1.233,0.9907,0.9424,-0.888,1.548,-0.623,1.59,-0.342,1.521,-0.927,-0.4465,-0.1971,0.941,1.321,-0.1781,-0.9067,-0.0586,-0.2083,-0.6064,0.9375
-0.11584,1.25,2.117,1.59,0.1298,0.988,-0.703,-0.1561,-0.05743,-0.4797,-1.0,-2.082,0.92,0.9067,1.117,-0.3425,-0.2651,1.869,0.9316,-1.061
-0.718,0.11804,-0.427,0.3713,0.8037,0.2522,0.349,-1.012,1.072,-0.9346,-0.7744,0.11523,-0.8564,-0.438,-1.075,1.614,0.7876,-0.0735,-0.939,1.223
-1.453,1.07,0.9487,-1.616,-0.953,-2.426,2.072,-0.29,-1.015,-0.672,2.387,-0.2722,3.328,-0.3115,-1.822,0.4119,-0.9077,-1.543,1.695,-2.006
1.226,-1.309,-0.7153,-0.5293,-0.4336,-0.2212,-0.9917,-1.627,-0.6123,1.246,-0.0626,1.315,-1.121,0.3193,0.7695,-0.4963,0.0229,1.423,-1.663,-0.051
0.986,0.72,0.507,0.0451,-0.713,0.513,-0.9336,0.981,-0.6885,1.437,-0.1827,-0.3298,-0.7256,-0.787,0.812,0.05923,0.003796,-1.569,1.041,-0.00571
-0.404,-0.1968,-0.245,-1.56,1.721,-2.113,-0.1262,-0.0961,1.565,-0.9653,1.806,1.161,0.8574,1.802,-0.381,-1.471,-0.7666,-0.1843,-0.928,-0.5884
-1.082,1.143,1.354,0.4788,0.1907,0.3857,0.8496,0.1626,-0.3875,-1.08,-0.8296,-1.374,0.3284,0.611,0.1449,0.09106,0.6035,0.1969,0.1295,0.94
0.743,-1.504,-1.059,-0.9316,0.02539,-0.865,-0.7363,-1.384,-0.2734,0.9097,0.0497,1.438,-0.8154,0.3164,0.2505,-0.482,0.1993,1.004,-1.522,0.734
-0.7,0.0812,-0.4395,-1.447,-0.1488,-1.853,0.5356,0.03842,-0.5557,-0.8945,1.741,1.001,0.99,-0.4824,-1.927,-0.2026,0.733,-1.212,-0.2206,-0.4363
-0.298,0.5127,0.2878,0.204,-0.3174,0.4788,0.1192,1.455,-0.545,-0.7637,-0.4265,-0.4492,-0.5454,-1.014,-0.801,1.544,0.962,-1.271,0.4783,-0.319
1.308,0.578,0.1862,0.1737,-1.593,0.3672,-0.9316,0.11597,-0.8613,1.454,1.372,-0.393,0.07806,-1.2705,0.651,-0.8125,-0.418,-0.681,0.9805,-0.775
0.19,0.4194,-0.02336,-1.215,-0.1935,-1.117,-0.4138,-1.11,-0.8696,-0.3337,0.1309,0.464,-0.982,-0.8027,-1.609,1.6875,0.9824,-0.6055,-0.4285,1.084
1.623,-1.248,-0.8003,1.288,-0.8374,1.307,-0.73,-0.8706,-0.9565,1.654,-0.3906,-0.1577,-0.9307,-1.402,1.227,-0.1548,-0.8066,0.1958,0.7344,0.721
1.251,0.2908,0.02357,-0.4968,-0.3276,0.2416,-0.926,-0.3328,-0.636,1.483,-0.5674,0.58,-0.887,-0.853,0.4575,-0.2426,-0.1393,-0.7104,-0.2413,1.293
-0.6826,1.341,1.859,-0.7104,0.3079,-0.09424,0.3105,-0.876,0.01591,-0.881,-0.3704,-0.294,0.941,0.9624,-0.1132,-0.9653,0.3628,0.2603,-1.481,1.218
-0.3457,1.382,1.674,-0.879,0.2698,-0.544,-0.271,-0.04492,0.01459,-0.5454,-0.508,-0.3162,0.6997,0.792,-0.472,-0.0801,0.2339,-1.07,-0.3882,1.2
1.259,1.413,1.677,0.4363,-1.497,0.5063,-0.9956,1.209,-1.076,1.8125,0.4326,-1.191,0.608,0.319,1.697,-0.572,-1.89,-0.47,2.066,-1.674
0.665,0.004932,-0.3823,1.3955,0.2698,0.8164,-0.7495,-0.326,0.1608,0.6323,-0.772,-0.5576,-0.829,-0.987,0.6177,0.6294,0.3628,-0.2059,0.0716,0.8804
-0.966,0.4844,0.1418,1.475,0.8823,0.671,0.548,0.8213,0.9814,-0.8384,-0.9717,-1.43,-0.4282,-0.4844,-0.602,2.15,0.9624,0.549,0.1054,0.4268
1.62,-0.9624,-1.122,1.072,-1.033,0.747,-0.862,-1.579,-0.742,1.645,-0.2203,-0.1913,-0.9175,-1.631,0.8774,0.09064,-0.4556,1.84,0.9053,-0.857
1.066,1.525,1.929,0.2471,-0.9043,0.3604,-1.035,-1.493,-0.657,1.194,-0.06775,-1.04,0.986,0.5083,1.593,-0.927,-1.369,1.24,0.557,-0.1194
0.3474,-1.459,-1.101,-1.162,1.261,-0.8594,-0.501,-0.358,1.293,-0.444,-0.2382,1.439,-0.9766,1.893,0.01744,-0.638,-0.4438,0.424,-1.502,0.9424
-0.8647,1.24,1.546,0.5806,-0.2247,0.939,0.6064,-0.00859,-0.701,-0.491,-0.208,-1.568,0.6274,0.4404,0.754,-0.06714,-0.0369,0.4314,0.846,0.2908
-0.3442,1.085,1.363,0.9624,0.3745,0.76,0.2766,-1.284,0.4263,-0.3232,-0.541,-1.7,0.2683,0.422,0.674,0.2069,0.281,1.515,0.472,-0.3608
-0.298,1.551,1.904,0.7134,1.532,0.799,-0.2517,1.204,1.865,-0.851,-0.764,-1.643,0.9175,2.543,1.2705,-0.461,-1.619,0.719,1.782,-1.772
-0.2756,0.942,0.888,1.036,-1.461,1.006,-0.4485,0.7026,-1.153,-0.667,0.3518,-1.682,-0.2646,-0.864,-0.351,1.368,0.823,-0.1748,1.121,-0.3203
1.301,1.591,1.9375,1.228,0.8906,0.606,-0.971,0.5703,1.265,1.652,-1.035,-2.057,0.617,1.186,2.43,-0.2695,-2.736,1.855,3.117,-2.623
-0.946,1.204,1.44,0.7603,-0.1279,0.4387,0.5234,-1.666,-0.6255,-0.889,-0.521,-1.604,0.4204,0.3179,-0.09845,0.671,0.651,2.521,-0.2263,-0.5435
0.1174,1.616,2.049,-1.578,-0.43,-2.613,-0.145,-0.9536,-0.8223,-0.2976,2.373,-0.1539,2.951,0.8516,-0.5225,-0.8813,-1.344,-0.665,0.688,-0.9126
0.263,-0.2441,-0.902,-1.494,0.4766,-1.96,-0.4421,-0.942,0.595,-0.2197,1.91,1.277,0.6978,0.3015,-1.207,-0.489,0.6523,-0.56,-1.037,-0.2852
1.442,-0.713,-0.4033,1.547,-0.7534,0.967,-0.6226,-0.573,-0.6665,1.989,-0.4128,-0.3752,-0.515,-1.306,1.195,-0.126,-0.9805,0.2021,0.9,0.4512
-1.319,-1.377,-1.018,1.713,0.895,1.156,1.661,-1.015,1.2705,-0.7866,-0.754,-0.3718,0.29,-0.3875,-0.2361,-0.2278,0.787,1.289,-1.241,0.3723
-1.044,-1.603,-1.051,-0.05334,0.857,0.3003,0.6665,0.5864,1.223,-0.903,-0.965,1.145,-0.7734,0.8027,0.2742,-0.734,0.4666,0.2087,-1.498,0.8237
-1.339,1.485,2.03,0.2295,-0.6396,0.555,1.857,0.31,-0.7104,-1.037,-0.3237,-0.996,2.771,0.685,0.4692,-0.778,-1.201,-0.4492,0.7856,0.568
-1.475,1.436,2.04,0.2686,1.246,0.4714,2.14,-1.256,1.554,-0.8594,-0.9966,-1.041,2.973,2.176,0.858,-0.678,-2.715,1.129,1.68,-0.832
-1.17,0.2595,-0.545,0.08453,-0.7563,0.3162,1.261,-0.02385,-1.129,-0.9507,-0.3477,0.4314,-0.4668,-1.162,-1.244,0.9346,0.988,-1.366,0.817,0.8794
-1.423,0.4888,-0.1594,1.602,-0.2466,0.6807,2.115,0.895,-0.4958,-0.796,-0.4922,-1.439,0.9746,-1.35,-0.7666,1.043,0.6074,0.1625,1.408,-0.8423
-0.242,0.1703,-0.3389,-1.626,0.476,-2.281,-0.2484,-1.073,0.1278,-0.677,2.125,0.792,1.094,-0.608,-1.877,-0.11224,0.618,-0.9277,-0.5547,-0.37
0.969,-1.035,-0.721,0.1918,-0.2064,0.8003,-0.7217,0.5645,-0.591,1.314,-0.748,0.8364,-0.556,-0.6074,1.25,-1.018,-0.2366,0.0955,-0.725,0.888
0.7876,-1.226,-1.073,-1.331,0.6875,-1.219,-0.776,-0.775,0.8706,0.9946,0.1901,1.589,-1.212,1.066,0.926,-0.634,-0.286,0.4324,-1.513,1.081
1.26,-0.1486,-0.4788,0.2795,-0.669,0.831,-0.769,0.967,-1.007,1.588,-0.3254,0.4888,-0.8906,-1.01,1.042,-0.651,-0.688,-0.792,0.1627,0.3906
1.056,0.307,0.4324,-0.5566,0.1266,-0.0542,-1.111,-0.9106,-0.721,1.108,-0.6914,0.3818,-0.7466,-0.586,0.0858,-0.1381,0.415,-0.03644,-0.68,1.356
-1.542,-0.002403,-0.4229,1.222,-1.271,0.612,2.514,-0.1003,-0.825,-0.977,0.3723,-0.5327,1.21,-1.599,-0.704,0.297,0.4836,-0.594,1.246,-0.1377
-0.1006,0.00664,-0.7495,-0.7515,0.1185,-0.2222,-0.3428,-0.774,0.2124,-0.2487,-0.6265,0.927,-1.128,-0.3594,-1.301,1.372,1.176,-0.5083,-1.076,1.276
-0.5015,-0.8022,-1.138,1.697,0.425,1.259,-0.2012,1.319,0.2192,-0.538,-0.9614,-0.4382,-1.003,-1.184,-0.1846,0.983,0.9634,-0.1126,-0.1026,0.0553
-0.3032,0.3762,0.0524,-1.037,1.741,-0.85,0.007034,1.502,1.535,-0.805,-0.3162,0.4788,-0.756,1.146,-0.2742,0.3813,0.3293,-1.367,0.08795,-0.0942
1.728,0.312,-0.3203,-1.443,1.485,-1.878,-0.7847,0.1208,1.805,1.853,1.831,0.657,0.6807,1.091,1.131,-2.156,-1.657,0.82,0.438,-1.168
0.908,-1.616,-0.814,1.563,-0.2318,1.091,-0.6265,-1.494,-0.187,1.122,-0.4968,-0.4656,-1.028,-1.693,0.945,0.3708,-0.1711,1.198,0.7837,0.02344
-1.061,0.454,-0.3435,0.2346,-0.7925,0.7197,0.784,-1.228,-0.791,-0.8257,-0.2325,-0.1912,-0.6113,-1.308,-0.6465,1.167,1.116,-0.2896,0.0919,1.146
-1.422,0.5244,0.04834,0.681,-0.5005,0.7964,1.933,-0.0682,-0.7275,-1.028,-0.4995,-1.085,0.7017,-1.247,-0.732,0.874,0.7046,-0.4424,0.712,0.7437
-1.229,-0.671,-0.6133,0.252,-0.3342,0.544,1.324,0.697,-0.818,-0.9897,-0.4524,0.67,-0.004505,-0.752,-0.683,-0.4172,0.8726,-0.942,-0.1443,0.8306
0.9663,1.249,1.266,1.529,1.034,0.777,-0.6216,1.509,1.407,1.269,-0.666,-1.894,-0.2244,1.306,2.535,0.2355,-2.158,0.7705,3.203,-2.656
-1.531,-1.15,-0.76,-1.123,1.083,-1.004,2.418,0.4077,1.37,-0.8784,-0.03232,1.406,1.34,1.462,-0.3186,-1.921,-0.7324,1.033,-1.177,0.4292
1.045,0.673,0.538,1.121,0.631,0.84,-0.933,-1.348,0.702,1.406,-0.642,-1.389,-0.605,-0.4668,1.175,0.9697,-0.4626,1.493,0.235,-0.0629
1.692,1.111,1.35,0.491,-0.1792,0.476,-0.928,-1.205,-0.5225,2.074,-0.8496,-1.4,-0.1079,0.2018,1.404,0.1299,-1.648,1.719,1.565,-1.679
1.635,0.731,0.3936,0.07135,-0.273,0.4915,-1.101,1.109,-0.8413,1.733,-0.7144,-0.427,-0.8257,-0.833,0.774,0.1914,-0.5654,-0.855,0.4487,0.2773
-0.751,0.7715,0.565,0.5566,0.11615,0.6084,0.3655,0.4553,-0.551,-0.8184,-0.6235,-1.169,-0.3677,-0.95,-0.668,1.755,0.964,-0.365,0.2627,0.654
0.538,0.4617,-0.391,1.303,0.98,1.094,-0.386,0.94,1.237,-0.2947,-0.929,-1.244,-0.839,-0.446,-0.04504,1.722,0.887,0.08124,0.08575,0.3489
-0.895,-0.98,-0.8574,0.1313,0.5195,0.578,0.512,-1.6875,0.2393,-0.653,-0.6084,0.736,-0.7734,-0.4863,-0.531,0.5864,1.001,1.364,-1.273,-0.01446
0.426,0.681,0.4583,-0.05582,1.295,0.3357,-0.5425,-0.5234,1.186,-0.067,-0.9116,-0.2395,-0.804,0.835,0.649,-0.000788,0.3032,0.007587,-1.118,1.402
0.4531,-0.6895,-0.7217,1.269,-0.1432,0.9165,-0.411,-0.1904,-0.4912,-0.25,-0.903,-0.2957,-1.207,-1.187,-0.2487,1.003,1.091,-0.10516,-0.2067,1.055
-1.05,0.432,0.0221,0.2644,1.65,0.5474,0.6577,-0.0169,1.489,-0.787,-0.671,-0.1968,-0.6587,0.765,0.4885,0.0717,0.5146,-0.5117,-0.747,0.9653
-0.928,0.4597,0.2725,0.6743,-0.8027,0.671,0.4275,-0.199,-0.5254,-0.711,-0.417,-0.9224,-0.464,-1.101,-0.6367,1.82,0.875,-0.506,0.1259,0.9956
0.3994,-0.2983,-0.4202,1.573,1.655,1.332,-0.5757,-1.253,1.295,0.02147,-1.169,-0.5303,-0.965,0.47,1.2,0.6694,0.179,1.22,-1.039,0.6445
0.8735,-0.177,-0.268,-0.9673,-0.404,-1.024,-1.295,-1.432,-0.9326,1.068,0.11523,1.335,-1.162,0.2637,0.376,-0.289,0.3389,0.195,-1.273,1.057
1.082,1.573,1.933,-0.774,-0.4453,-0.405,-0.8403,-1.143,-0.4956,1.119,-0.1497,-0.3425,0.813,0.848,1.104,-1.568,-0.3984,1.361,-0.9893,0.1338
0.504,0.9253,0.8423,-0.002144,-1.548,0.509,-0.606,0.2323,-0.948,0.2097,1.033,-0.4749,0.046,-0.7163,-0.2092,0.2244,0.7886,-1.388,0.548,-0.09863
-1.013,-1.469,-0.8594,0.8486,-1.095,0.803,0.6343,-1.398,-0.7837,-0.914,-0.1779,-0.0844,-0.654,-1.35,-0.617,1.001,1.142,0.708,-0.0987,0.7207
-0.9146,0.0245,-0.2805,-1.234,-1.44,-1.532,0.329,0.315,-0.8413,-1.037,2.555,0.9556,1.359,-0.5127,-1.876,-0.2786,0.5083,-1.747,0.8027,-1.129
1.17,1.148,1.366,1.286,-0.2717,0.835,-0.868,-0.84,-0.8213,1.417,-0.7637,-1.781,0.003077,0.2249,1.668,-0.0913,-1.245,1.634,1.674,-1.832
-0.0804,-0.8745,-0.953,-1.0625,-1.016,-0.7524,-0.2286,1.314,-1.051,-0.4253,0.4614,1.378,-0.624,0.2605,-1.049,0.815,0.7295,-1.277,-0.2241,-0.2369
-0.9526,-1.686,-1.22,-1.103,-0.468,-1.162,0.5195,1.64,-0.624,-0.972,0.0827,1.431,-0.7314,-0.07623,-1.686,0.8853,0.936,-0.943,-0.7373,-0.3865
0.04364,0.1417,-0.1915,-0.6035,1.071,0.2698,-0.692,-0.03455,1.549,-0.1653,-0.7427,0.8076,-1.182,0.571,0.3367,-0.2764,0.686,-0.7793,-0.8296,1.259
-0.4128,1.579,2.117,1.283,1.689,0.9043,-0.1532,-0.875,1.419,-0.5815,-0.89,-1.913,0.753,2.797,1.362,-0.348,-1.967,1.974,2.227,-2.033
-1.438,-0.5415,-0.655,1.507,-0.4658,0.882,2.15,-1.463,-0.5894,-0.9316,-0.553,-0.4797,0.9453,-1.439,-0.5264,-0.05988,0.8193,1.649,0.08215,-0.3179
-0.798,0.2556,-0.01915,0.6694,0.1175,0.5825,0.326,-0.5566,-0.3035,-1.055,-0.6475,-0.3984,-0.751,-1.001,-0.6357,1.678,0.921,-0.3828,0.2246,1.035
1.484,0.01022,-0.4248,-1.4795,1.321,-2.438,-0.625,0.3606,1.541,2.09,2.02,0.9053,1.0625,0.905,1.044,-2.436,-1.656,0.753,0.355,-1.247
1.765,-1.578,-0.9136,1.497,0.8477,0.574,-1.077,1.284,1.24,1.739,-0.6597,-0.2244,-1.099,-0.6216,1.0,0.2935,-0.856,-0.3733,0.11633,-0.01333
0.715,0.7827,0.4912,0.5215,0.67,0.4985,-0.605,1.05,0.7,0.275,-0.6733,-1.238,-0.893,-0.495,0.04434,1.588,0.6973,-0.509,0.1501,0.2222
-0.597,0.8184,0.842,0.2747,0.1797,0.694,-0.144,-1.346,-0.422,-1.033,-0.3572,-0.615,-0.1693,-0.5215,-0.5176,0.7026,0.7603,0.382,-0.693,1.084
-1.056,0.495,-0.0357,1.077,0.8,1.262,0.8096,1.59,0.9995,-0.811,-0.8022,-1.307,-0.7056,-0.573,-0.15,1.815,0.915,-0.2585,0.03534,-0.472
0.734,1.432,1.886,-1.484,-1.171,-2.215,-0.685,1.268,-0.738,0.3967,2.74,-0.1547,2.775,0.58,0.02768,-1.61,-1.339,-0.4524,0.0204,-1.976
0.3992,1.648,2.219,-1.132,0.3784,-0.892,-0.5674,1.128,0.1411,0.2236,-0.2727,-0.3132,0.984,0.9316,0.09424,-1.073,0.00177,-0.6694,-0.434,0.3682
0.9097,-0.4011,-0.2617,-0.738,0.909,-0.1432,-0.4048,-0.711,1.019,0.868,-0.6333,1.131,-0.7593,0.8433,1.108,-0.976,-0.3977,0.1882,-0.9556,1.013
1.599,0.3494,-0.1078,-0.8184,1.106,-0.8022,-1.135,-1.315,1.089,1.6875,-0.3025,0.574,-1.027,0.4558,0.8584,-0.4722,-0.8384,0.3518,-0.9683,1.141
0.32,0.3062,-0.01695,1.6875,-1.616,0.9873,-0.3567,0.8228,-1.219,-0.10455,1.109,-1.148,-0.1737,-1.466,-0.3076,1.06,0.971,-1.006,1.353,-0.986
-0.1538,1.245,1.334,0.1006,1.056,0.609,-0.1159,-1.509,1.321,-0.637,-0.8965,-0.674,0.2986,1.267,0.9175,-0.33,-0.11725,0.971,-0.1754,0.7197
0.5396,1.631,1.938,-0.3562,0.11774,0.1887,-0.652,0.671,-0.10736,0.293,-0.884,-0.4263,0.4995,0.7627,0.7417,-1.171,0.1259,0.0483,-0.8286,0.774
-0.7666,1.429,2.045,0.322,0.527,0.7773,0.1381,0.994,0.645,-0.9707,-0.946,-1.01,1.049,0.9224,0.878,-0.775,-0.2512,0.4841,-0.6367,0.4497
0.8994,1.283,1.384,-0.1777,-1.377,0.01744,-0.7197,0.08057,-0.9194,0.917,0.505,-0.407,0.3425,0.1611,0.3826,-0.777,-0.1433,-0.9297,-0.2247,0.6416
-0.481,-0.5854,-0.7373,-1.141,-1.443,-1.184,-0.12354,0.795,-1.13,-0.2744,1.406,1.223,0.243,-0.309,-1.525,-0.048,0.9834,-1.542,0.3289,-0.4922
0.00613,0.1855,-0.1231,-1.546,-0.3423,-2.27,-0.289,0.82,-0.724,-0.7627,2.123,0.8384,1.146,-0.569,-1.902,-0.288,0.4407,-1.516,0.8384,-1.491
-0.7305,1.204,1.508,-0.9966,1.755,-1.056,-0.06525,1.193,1.409,-0.687,-0.2031,-0.318,0.263,2.486,0.04575,-0.658,-1.143,-0.6313,0.1605,0.2062
-0.719,0.937,1.144,-1.428,1.734,-1.61,0.1981,1.387,1.488,-0.9404,1.188,-0.007496,0.371,2.174,-0.2893,-0.761,-0.8174,-1.49,0.455,-0.978
-1.24,0.8833,0.686,-0.2058,0.942,0.284,1.528,-0.4907,1.236,-0.6025,-0.844,-0.184,0.9814,0.3215,-0.305,-0.876,0.1776,0.1458,-0.663,1.112
-1.165,-1.52,-0.699,-0.6616,0.02675,0.01507,0.9873,0.2395,-0.3438,-0.9165,-0.4932,1.331,-0.4766,0.4124,-0.457,-0.286,0.8335,-0.4695,-1.117,1.109
-1.61,-0.858,-0.7896,-1.531,0.828,-2.2,2.602,-0.5234,1.109,-0.7627,2.053,1.342,3.11,1.148,-0.533,-1.72,-1.797,1.028,0.01266,-1.242
-1.241,-0.9062,-0.878,0.959,-1.489,0.906,1.476,0.1354,-0.92,-1.04,0.6953,-0.2047,0.551,-1.431,-0.613,-0.04727,0.63,-0.4133,0.4517,0.3418
0.5864,0.502,0.04013,1.185,-1.442,0.556,-0.624,1.261,-1.12,0.0898,0.5903,-1.445,-0.4036,-1.619,-0.4004,1.872,0.829,-0.7427,1.905,-1.611
-1.405,0.9253,0.828,1.569,0.9023,1.277,1.672,-0.376,1.19,-1.063,-0.8726,-1.711,0.8247,0.2069,0.2163,0.01415,0.3335,1.519,0.7476,-0.521
0.3367,1.465,1.892,-0.7544,0.02943,-0.6177,-0.512,1.388,-0.33,0.0222,-0.2241,-0.3372,0.7856,0.6685,-0.1505,-0.635,0.292,-1.065,-0.3765,0.0636
-1.306,-1.6045,-1.166,1.237,-0.4404,0.938,1.848,1.526,-0.62,-0.8706,-0.5596,-0.1509,0.7734,-1.568,-0.522,-0.197,0.4956,0.179,0.325,-0.5303
-0.746,0.006622,-0.507,-0.485,1.642,0.2028,0.4814,0.9263,1.596,-0.8047,-0.795,0.9707,-0.6655,1.86,0.482,-0.9307,-0.682,-0.3174,-0.664,0.6636
-1.552,-1.714,-1.398,-0.424,-0.4802,0.1328,2.29,0.1313,-0.815,-1.103,-0.3362,1.206,0.9326,0.05942,-1.01,-0.794,0.6123,0.758,-1.321,0.8604
-0.898,-0.1268,-0.5293,-1.057,1.234,-0.717,0.3076,-0.903,1.26,-0.6064,-0.3276,0.983,-0.497,1.276,-0.2888,-0.4355,0.1697,-0.2576,-1.474,1.181
0.515,0.7695,0.2251,1.112,-1.092,0.871,-0.7227,0.0852,-0.7754,0.1293,-0.1418,-1.5,-0.541,-1.275,-0.0777,1.685,0.7656,0.0677,1.414,-0.144
-0.399,1.237,1.055,0.475,0.4546,0.773,-0.385,0.3403,0.4475,-0.7505,-0.8174,-1.374,-0.6045,0.2385,0.03278,1.659,0.719,0.004974,-0.339,0.9404
0.3333,-0.0766,-0.4927,0.9116,1.197,0.831,-0.5444,1.335,1.07,-0.04028,-0.8765,-0.275,-0.6475,-0.01566,0.1726,0.2798,0.8086,-0.9336,-0.388,0.0866
-1.333,0.998,0.883,0.3135,1.191,0.6304,1.78,-0.7085,1.313,-0.8545,-0.8525,-0.8735,1.159,0.9087,0.768,-0.7744,-0.2106,0.6943,-0.837,0.9316
-0.8887,1.625,1.914,1.123,1.239,1.009,0.446,-1.01,1.652,-0.5576,-0.849,-1.787,1.085,2.027,1.287,-0.4348,-1.744,2.305,1.724,-2.043
1.419,-0.1313,-0.8086,1.388,0.309,1.314,-1.106,1.198,0.3994,1.846,-0.925,-0.5474,-1.05,-1.118,1.287,0.5967,-0.927,-0.2053,0.7524,-0.2908
-0.292,0.362,-0.02788,1.693,-0.764,0.836,-0.3984,-0.8545,-0.678,-0.6196,-0.3938,-1.23,-0.7207,-1.685,-0.4211,2.285,1.219,0.09143,1.442,-0.2769
-0.09735,0.1874,-0.3408,0.9565,-0.7886,0.752,-0.3103,0.352,-0.77,-0.715,-0.0821,-0.5166,-0.9165,-1.392,-0.571,2.074,1.124,-1.474,1.668,-0.5054
-0.5254,-1.616,-0.9243,0.7183,0.6084,0.483,-0.10736,-1.678,0.6904,-0.5024,-0.8115,0.166,-0.717,-0.763,-0.6855,1.096,0.9023,1.23,-0.949,0.3372
-0.3188,-0.2445,-0.771,-0.8555,-1.307,-0.7314,-0.1694,1.038,-0.9097,-0.726,0.739,0.997,-0.4421,-0.2712,-1.518,0.9116,1.206,-1.512,0.2642,-0.1288
-1.576,-0.5615,-0.591,1.19,0.3196,0.8135,2.559,1.207,0.2532,-0.8735,-0.6323,-0.348,0.955,-0.7983,-0.4624,-0.4324,0.2686,-0.5376,-0.3933,0.1406
1.5,-0.1477,-0.626,-1.57,-0.597,-2.172,-1.287,0.9683,-0.6436,1.939,2.14,1.226,1.102,0.3394,0.3677,-2.387,-1.34,0.857,-0.2722,-1.738
-1.476,0.99,1.103,1.177,-0.108,1.028,2.32,1.6,-0.4722,-1.05,-0.696,-1.443,1.616,-0.02171,-0.0381,0.07184,-0.2815,0.1843,0.579,-0.68
-1.384,0.564,-0.001486,-1.499,-0.2683,-2.19,2.033,-0.1744,-0.466,-0.9185,1.9375,0.2296,2.71,-0.928,-2.105,-0.5244,-0.6875,-0.906,0.6924,-0.877
0.491,-0.371,-0.772,0.3608,0.158,0.892,-0.9233,1.587,-0.3,-0.3035,-0.8237,0.2458,-1.092,-0.7773,-0.364,0.698,0.821,-0.893,-0.32,-0.2303
-1.386,0.8037,0.3584,-0.1846,-0.1193,0.2123,2.162,-1.643,-0.6406,-0.9404,-0.3486,-0.2754,1.219,-1.075,-1.198,0.2979,0.638,1.449,-0.501,-0.2489
-0.7056,0.0458,-0.26,-0.8457,-1.248,-0.4436,0.2329,-0.008934,-0.988,-0.691,0.3704,0.9414,-0.5454,-0.4702,-1.529,1.024,0.967,-1.903,1.118,0.185
1.16,-1.095,-1.218,-0.084,0.9873,0.537,-1.061,-1.099,0.9834,1.605,-0.7964,1.044,-1.224,0.878,2.312,-0.7524,-2.035,1.544,0.747,-0.522
0.8735,0.7026,0.5674,1.252,0.95,0.941,-0.7236,-0.534,1.401,1.107,-0.938,-1.462,-0.9585,-0.1539,1.278,1.1875,-0.1682,1.106,0.2258,0.2615
0.3816,1.253,1.545,-1.054,-1.457,-1.009,-0.6865,-0.4766,-1.24,-0.1592,1.449,-0.1552,1.442,0.2318,-0.949,-0.1219,-0.2617,-1.385,0.1209,0.01119
1.011,-0.912,-0.5615,-0.781,-1.335,-0.2369,-0.7456,-0.4016,-0.7715,1.264,0.5786,1.318,-0.691,-0.1743,0.0825,-0.6694,0.212,-0.6704,-0.779,0.813
0.8022,-1.193,-0.854,-1.594,0.2433,-2.459,-0.4854,0.969,-0.269,0.8193,2.06,1.558,1.053,0.65,0.493,-2.344,-0.1621,1.082,-1.627,-1.736
0.4094,-0.4329,-0.9985,-1.08,-1.324,-0.851,-0.6465,1.345,-0.991,0.01371,0.9043,1.065,-0.4478,-0.2302,-1.253,0.4688,0.9478,-1.339,-0.2876,-0.412
0.7725,0.03336,-0.5923,-1.539,1.712,-2.39,-0.7495,0.957,1.536,0.7256,1.987,0.942,0.7285,1.659,0.926,-2.326,-1.212,0.6406,-0.2878,-1.336
0.6953,1.108,1.249,0.01765,-1.48,0.3389,-0.6626,1.653,-0.732,0.117,0.847,-0.6626,0.2355,-0.1567,-0.3955,0.2625,0.5093,-1.72,1.265,-1.642
0.8257,1.18,1.44,-0.63,0.3384,-0.259,-0.9077,-1.638,-0.05115,0.871,-0.632,-0.3796,0.1188,0.848,0.9805,-1.11,-0.3896,2.002,-1.45,-0.3394
-1.108,0.7837,0.04492,-1.371,1.437,-1.497,0.9536,-0.0725,1.392,-0.9414,0.682,0.02228,0.002039,0.579,-0.8706,0.3667,0.505,-1.395,0.02893,0.6016
0.1544,0.4338,0.3713,1.011,-0.10364,0.922,-0.4912,-0.429,-0.4622,-0.5117,-0.7827,-1.079,-0.6304,-1.286,-0.48,1.923,1.118,-0.4216,0.7065,0.804
0.02734,-1.649,-1.078,1.462,0.0314,0.982,-0.3882,-1.352,-0.533,-0.45,-0.81,-0.1768,-0.784,-1.148,-0.3286,1.205,0.938,1.274,-0.4775,0.1127
-1.339,-0.2264,-0.7363,1.348,1.521,1.01,1.68,-1.629,1.643,-0.793,-1.085,-0.5283,0.715,0.3596,0.552,-1.027,0.1647,2.42,-1.344,-0.4944
1.711,1.068,1.215,1.681,0.52,0.9683,-1.173,-0.234,0.5215,1.941,-0.8613,-1.828,-0.05502,0.2834,1.829,0.199,-2.312,1.521,3.072,-1.98
-1.178,-0.545,-0.8213,0.786,-1.067,0.956,1.318,1.114,-0.819,-0.9883,0.1575,-0.10645,0.1022,-1.317,-0.5664,0.285,1.036,-0.84,0.526,-0.02596
-0.01697,-0.04672,-0.318,-0.621,0.0661,-0.1935,-0.5605,1.429,-0.4368,-0.352,-0.719,0.8945,-1.022,-0.5645,-1.443,1.183,0.964,-1.382,0.02792,-0.1598
-0.1849,-1.663,-1.184,-1.337,1.329,-1.669,-0.4934,1.545,1.374,-0.629,1.207,1.436,-0.2864,1.893,-0.2712,-0.812,-0.4949,-0.5713,-0.9536,-1.018
0.3015,-0.646,-0.9746,0.6016,-0.632,0.814,-0.44,-1.271,-0.907,-0.10345,-0.4924,0.273,-0.9907,-1.159,-0.2703,0.4878,0.804,0.6455,-0.798,0.9736
0.5117,-1.044,-1.226,-1.316,-0.1061,-1.834,-0.8633,1.023,-0.4663,-0.3677,1.585,1.243,0.3762,0.2008,-1.308,-0.3164,0.775,-0.6396,-0.5234,-0.86
-0.4133,1.483,2.02,-1.285,-1.162,-1.609,-0.272,-1.302,-1.0625,-1.077,1.901,-0.2612,2.828,0.7026,-0.6885,-0.4932,-0.854,-0.679,0.06537,-0.512
-0.1906,0.849,0.9033,1.112,-1.073,0.9346,-0.1451,1.213,-0.911,-0.7153,-0.06134,-1.863,-0.2942,-0.6714,-0.3757,1.7295,0.969,0.688,0.974,-0.9473
0.1328,0.3665,-0.00222,-0.9805,-0.8345,-0.4473,-0.752,-1.257,-0.7974,-0.4346,-0.2927,0.3416,-0.676,-1.119,-1.662,1.431,1.044,-0.3638,0.002996,1.075
-0.83,-0.7515,-0.6924,1.62,0.2898,0.6963,0.3833,-1.577,-0.2944,-1.116,-0.9033,-0.3708,-0.802,-1.06,-0.658,1.493,0.928,1.442,-0.8315,0.1692
0.9556,1.507,1.752,-0.3125,-0.5615,0.0974,-0.856,1.288,-0.7827,0.966,-0.216,-0.4465,0.4358,0.5405,1.206,-1.525,-0.1086,0.192,-0.9277,-0.0904
1.308,1.3955,1.786,0.5356,1.434,0.6826,-0.785,1.532,1.76,1.499,-0.825,-1.49,0.6567,2.156,2.713,-0.4644,-3.89,0.6704,2.678,-2.41
-0.6206,-0.3247,-0.585,1.557,-0.3875,1.071,0.1603,-0.2163,-0.6655,-0.567,-0.4834,-0.5273,-0.541,-1.269,-0.2866,1.02,0.9634,-0.09973,0.2114,0.9624
0.717,-1.396,-0.8613,-1.548,-1.666,-2.158,-0.8687,-0.4333,-1.244,0.669,3.918,1.566,1.277,0.1605,-0.1918,-1.907,-0.02745,1.315,-1.528,-1.616
1.455,-1.266,-0.7446,-1.543,-0.9707,-2.166,-0.696,-0.05725,-0.958,1.815,2.889,1.535,1.079,0.2174,0.2006,-2.229,-1.266,1.186,-0.576,-1.625
-0.701,1.459,1.847,1.175,-0.2388,0.812,-0.1056,-1.667,-0.7817,-0.6265,-0.894,-1.807,0.781,0.507,0.477,-0.04898,0.404,3.361,-0.00236,-0.787
-0.7,-0.875,-0.9062,-0.2954,1.71,0.1803,0.0823,-1.397,1.678,-0.9087,-0.9067,1.199,-0.8027,1.898,0.4175,-0.849,-0.669,1.854,-1.378,-0.2427
-1.522,-1.673,-1.018,0.5767,-0.2898,1.018,2.525,1.642,-0.3687,-0.9077,-0.756,0.2445,0.9673,-0.9316,-0.4458,-0.7324,0.685,-0.2477,-0.792,-0.3074
-1.325,0.2401,-0.2827,-0.9165,-0.1415,-0.436,1.674,-0.07153,-0.576,-1.093,-0.453,0.687,0.872,-0.4834,-1.68,-0.3232,0.8276,-1.014,-0.1206,1.151
-0.661,-0.2214,-0.626,1.634,-1.461,1.076,-0.00829,-1.241,-0.7593,-0.904,0.4773,-0.6484,-0.724,-1.526,-0.4966,1.705,1.06,0.0798,0.7305,0.5215
0.2008,-0.3176,-0.534,-0.532,-1.585,-0.006493,-0.4844,0.7827,-0.9546,-0.1833,1.132,1.17,-0.3113,-0.00779,-0.8525,-0.05084,0.659,-1.441,-0.2927,0.007786
-0.989,0.1592,-0.1462,1.425,0.37,0.971,0.9443,-0.9194,0.005836,-0.5713,-0.731,-0.863,-0.5776,-0.9585,-0.4255,1.765,0.8906,0.02261,-0.1769,1.136
-0.481,0.3687,-0.02313,1.315,-0.775,0.7188,0.158,-1.049,-0.861,-0.9243,-0.2961,-1.146,-0.6606,-1.418,-0.69,2.264,0.81,0.5654,0.4822,0.758
-1.374,-0.6436,-0.747,-0.2527,1.337,0.2213,2.033,1.63,1.742,-1.257,-0.741,1.094,0.961,1.63,0.2773,-2.299,-0.708,1.592,-1.5625,-1.568
1.33,-1.682,-1.085,-1.369,-1.135,-1.439,-0.8975,-1.659,-0.8276,1.305,1.064,1.5,-0.551,0.113,0.03427,-0.939,0.1464,1.376,-1.419,-0.5884
-0.1754,0.011055,-0.4604,1.365,-0.0719,1.02,-0.642,1.446,-0.3887,-0.681,-0.719,-0.7373,-0.9873,-1.174,-0.468,2.076,0.9375,-0.9014,0.692,-0.3591
1.428,-1.163,-0.896,0.562,0.078,0.405,-0.831,-1.529,-0.3718,1.502,-0.765,-0.01938,-1.011,-1.022,0.7075,0.0585,-0.10297,1.689,-0.583,0.1447
-0.134,0.0896,-0.2424,-1.113,-1.1045,-1.202,-0.2406,-0.10315,-1.041,-0.6997,0.6963,0.7783,-0.537,-0.6943,-1.836,1.148,1.196,-1.348,0.2803,0.733
1.27,-1.434,-0.9385,0.1703,-1.583,0.6377,-1.166,-0.4893,-1.178,1.086,0.945,0.8667,-0.7676,-0.7495,0.84,-0.8247,0.577,-0.12103,-0.318,0.4712
-0.126,0.2452,0.01284,-1.264,0.4258,-1.207,-0.4124,-1.544,-0.1034,-0.673,-0.05447,0.733,-0.665,-0.1504,-1.621,1.044,0.9375,-0.4478,-0.6045,1.249
-0.387,0.1982,-0.0964,-1.485,0.1514,-2.047,-0.2708,-1.652,-0.1504,-0.787,2.135,0.881,0.968,-0.365,-1.746,-0.09235,0.7417,0.1636,-1.327,-0.394
-0.7783,1.247,1.669,0.0622,-0.266,-0.02379,0.1959,-0.393,-0.604,-0.7847,-0.3467,-0.7236,0.9067,0.3699,-0.7065,0.7363,0.5054,-1.243,0.02536,0.962
-1.118,0.9263,1.225,0.7437,1.481,0.973,0.842,-0.525,1.567,-0.8994,-1.007,-1.579,-0.01634,1.746,1.319,0.1182,-1.0205,1.28,0.853,-0.2269
-0.697,0.3682,0.1805,0.8115,-1.568,1.071,0.09564,0.356,-1.377,-0.9326,1.255,-0.997,0.2407,-1.282,-0.4597,0.7505,0.841,-0.6636,1.0,-0.61
-0.4407,-0.962,-0.773,-0.5107,0.7847,-0.10187,0.0428,-0.594,0.6924,-0.765,-0.792,1.281,-0.945,0.8745,-0.1399,0.03857,0.717,0.1181,-1.695,1.096
-1.237,1.004,1.034,1.123,0.1185,0.4043,1.138,-0.296,-0.2783,-1.032,-0.4524,-1.802,0.1366,-0.138,-0.669,1.619,0.889,0.561,0.63,0.4038
0.1046,-0.841,-0.908,0.5767,1.654,0.6797,-0.3774,-0.3252,1.865,-0.4446,-1.244,0.261,-1.119,0.7285,0.739,-0.437,0.4714,0.4167,-1.243,0.992
0.782,-1.335,-0.929,-1.287,0.4185,-1.714,-0.9062,-1.03,0.3076,0.83,1.563,1.154,0.514,0.05334,-0.1675,-1.51,0.2817,1.145,-1.266,-0.919
-0.4043,-0.1432,-0.8447,0.06165,1.429,0.3616,0.07776,1.383,1.605,-0.826,-0.3652,0.5654,-0.843,0.6016,0.1984,-0.2693,0.9307,-1.002,-1.06,0.12396
1.72,0.6753,-0.06647,0.1503,0.792,0.2206,-1.266,-0.9897,1.289,2.088,-0.6143,-0.5146,-1.087,-0.57,0.554,0.713,-0.8525,-0.2878,0.149,0.912
0.1279,0.3293,0.1688,-0.529,0.8633,-0.2444,-0.4365,0.1532,1.1455,-0.1636,-0.7324,0.325,-0.7837,-0.112,-1.063,1.127,0.935,-1.195,-0.3328,1.215
1.631,-1.319,-0.811,-1.145,-0.3342,-0.8916,-0.914,-0.1276,-0.686,1.673,-0.041,1.509,-0.9897,0.3386,0.6997,-0.823,-0.6323,-0.2024,-1.071,1.137
-0.4521,-1.644,-1.105,0.7627,0.2498,1.0205,-0.4287,-1.665,-0.266,-0.807,-0.5723,0.1134,-1.019,-1.355,-0.4807,1.0625,0.812,1.958,-0.4294,-0.3535
-1.655,-0.9653,-0.923,0.845,1.749,1.11,2.904,0.975,1.366,-0.866,-0.7676,-0.003796,1.249,0.2869,0.4214,-1.603,-0.00321,1.844,-0.8696,-1.153
0.4414,-0.3464,-0.594,1.395,-0.508,0.6855,-0.526,0.806,-0.5625,-0.1051,-0.4993,-0.515,-0.8594,-1.115,-0.2472,1.427,0.791,-0.6753,0.1385,0.503
1.704,1.05,0.706,0.3472,-1.3,0.738,-0.936,-0.1841,-0.9854,1.76,0.03766,-0.9355,-0.5835,-1.18,0.9688,0.5225,-0.7427,-0.786,1.45,-0.363
1.198,-0.591,-0.6704,-1.438,1.243,-1.98,-1.066,1.626,1.317,1.602,1.473,1.224,0.05286,1.449,1.142,-2.127,-1.484,0.908,-0.11536,-2.37
0.1471,-0.639,-0.9385,-1.519,-0.69,-2.428,-0.8433,0.4412,-0.8867,-0.07086,2.56,1.312,1.153,0.3196,-0.9307,-1.181,0.337,-0.7197,-0.7563,-0.927
0.4414,1.362,1.593,-1.5,1.494,-1.564,-0.4155,1.515,1.355,0.02339,1.398,-0.1086,1.659,2.23,0.1324,-1.591,-2.125,-0.4175,1.675,-2.883
1.455,-0.7593,-0.984,-0.322,1.732,0.04523,-0.9014,1.106,1.867,1.913,-1.092,1.15,-0.9995,1.845,1.812,-0.8223,-3.217,0.4202,1.17,-0.4458
1.223,1.125,1.125,1.297,0.942,0.97,-0.8184,-1.153,1.295,1.507,-1.34,-1.733,-0.2343,0.7065,2.36,0.1538,-2.156,3.014,2.457,-2.303
0.1271,0.2664,-0.246,-0.88,0.1152,-0.53,-0.2104,0.9478,-0.1875,-0.2394,-0.268,0.525,-0.8003,-0.901,-1.707,1.5205,1.232,-1.783,1.041,0.1554
