V0,V1,V2,V3,V4,V5,V6,V7,V8,V9,V10,V11,V12,V13,V14
0.478,-0.387,1.345,1.617,0.2703,-0.733,1.121,-0.982,0.01707,1.59,-0.1292,2.855,0.1616,0.0929,0.01743
-0.1321,-0.747,-0.1842,-1.258,0.293,-0.937,-0.564,-1.086,-0.5835,1.08,-0.5405,1.033,-0.496,-0.1705,-0.5728
-1.438,1.09,1.027,0.7944,0.6006,0.992,0.2134,0.3494,0.2449,-1.627,-0.8296,-0.601,0.06335,0.1581,-0.4746
-0.167,0.205,-1.622,1.022,-0.67,-1.137,0.5903,-0.5986,-0.1166,-0.7803,-0.7056,-0.4158,-0.462,-0.3777,-0.2966
-1.622,0.3376,0.04056,0.3474,0.7104,1.766,1.025,-0.1443,1.352,-1.002,-0.8066,-1.186,0.3135,0.4785,-0.0878
1.123,-1.055,-0.9526,1.254,1.234,0.3103,0.229,0.2249,-0.2488,-0.256,1.167,0.4026,-0.3364,-0.4463,0.1862
-0.9307,-1.276,1.663,0.898,-0.9946,-0.00243,-0.3054,-1.007,-0.413,-0.2732,-0.6377,-0.1683,0.2479,-0.4924,-0.639
0.03375,-0.1812,0.12006,-1.648,0.195,-1.112,0.1642,-0.892,-0.1996,1.586,-0.05435,2.305,-0.3787,0.08356,-0.3918
1.434,1.2705,0.289,-0.0229,-1.837,1.283,0.0986,2.229,0.4653,0.2832,1.682,-0.777,0.0836,-0.3093,0.5625
1.559,-1.042,1.039,-0.9688,-0.92,1.666,0.8726,-1.003,1.315,-1.215,1.874,-0.76,0.9526,0.5015,1.079
1.157,-1.461,1.411,-1.425,0.3643,0.826,-0.4485,-1.132,-0.03244,0.1904,1.236,0.593,0.346,-0.424,0.2065
-0.758,-0.0732,0.1495,-1.588,-1.349,-0.9985,-0.1919,0.04773,-0.5464,-0.892,-0.586,0.623,-0.4094,-0.3323,-0.4998
-1.59,0.331,0.08203,0.3027,-0.699,1.139,0.02345,-0.5244,0.3276,-0.3582,-0.6465,-1.027,-0.2395,-0.3787,-0.4702
0.3743,0.935,0.1305,-0.003521,1.395,-0.6343,-0.8584,1.727,-0.5776,-0.3232,-0.1781,-1.269,-0.4492,-0.4805,-0.4602
0.7725,0.2203,0.45,0.458,-1.565,-0.4102,-0.702,0.747,-0.5947,0.3726,0.2886,-0.687,-0.1892,-0.4087,-0.3557
1.373,-0.2178,-1.138,-0.4727,-0.9404,1.155,-0.1678,-0.7637,0.264,-0.2385,1.695,-1.123,-0.1848,-0.4016,0.5356
0.557,-0.4417,-0.9336,1.216,0.479,-0.3997,0.1061,-0.795,-0.412,-0.05716,0.2236,0.4277,-0.5117,-0.4724,-0.322
1.276,0.8877,-0.5137,1.645,-0.5854,0.942,1.474,-0.2004,0.7876,-1.132,1.493,1.567,0.0951,0.126,1.1875
0.11414,0.9346,1.659,0.957,-1.031,-0.5903,-0.0637,0.152,-0.442,-0.3223,-0.2527,-0.1792,0.2725,-0.506,-0.473
-1.111,0.06165,0.4963,1.002,-0.772,-0.351,-0.04004,-0.6445,-0.4763,-0.013855,-0.792,0.1548,-0.3296,-0.4692,-0.4739
-0.0148,-1.736,-1.277,1.245,0.2008,-1.023,0.8936,-1.355,-0.02815,-0.3599,-0.536,0.5283,-0.478,-0.491,-0.10944
-1.046,0.8877,-0.725,0.321,-0.1038,-0.10034,-0.742,-0.3206,-0.518,1.014,-0.7,-0.369,-0.5874,-0.2452,-0.616
0.01596,0.6294,-0.4717,1.708,-0.6045,-1.359,2.006,-0.3452,0.8096,-0.244,-0.1908,2.127,-0.05203,-0.1305,0.791
-0.6626,0.75,1.555,-1.049,-0.1102,-0.5566,-0.821,-0.6094,-0.7153,-1.609,-1.093,-0.679,0.118,-0.01209,-0.468
-0.4875,1.24,0.6147,0.9634,-1.114,-0.513,0.0561,0.644,-0.3943,-0.3137,-0.615,-0.2169,-0.2065,-0.4976,-0.5127
-1.499,0.2223,-0.6646,-1.487,-0.7637,1.548,0.8076,-0.6377,1.055,-0.09625,-0.981,0.427,-0.0363,0.05402,-0.1628
-1.272,-1.308,0.4346,0.354,1.645,0.508,-0.772,1.169,-0.3489,0.8843,-1.085,-0.2394,-0.3706,-0.3347,-0.4473
-0.7803,0.4768,-0.2046,-1.537,-0.6484,-0.6533,-0.56,-0.572,-0.5767,-1.143,-0.9233,0.4106,-0.5366,-0.2524,-0.503
-1.522,-0.8135,-0.691,-0.5176,0.08826,1.343,0.1277,-1.235,0.5703,0.731,-0.7173,-0.527,-0.2338,-0.07776,-0.4773
-1.338,0.417,0.119,-0.6587,-0.3872,0.5767,-0.8574,-0.662,-0.2288,0.9243,-1.07,-0.4185,-0.4963,-0.2793,-0.4841
0.03004,-1.665,1.137,-0.3652,-0.758,-0.912,-0.6284,-1.263,-0.589,-1.792,-0.1732,-1.041,-0.014854,0.1276,-0.5264
1.605,0.03876,0.7295,-0.762,-0.86,2.334,2.465,-0.569,3.162,-0.5664,2.05,-0.9565,3.043,2.652,2.752
-1.216,-1.392,-0.2654,0.0884,-1.38,0.05527,-0.91,-0.289,-0.576,-1.076,-0.779,-1.292,-0.5464,-0.2625,-0.4636
-1.178,-1.394,1.225,-0.831,1.457,-0.2942,-0.915,0.8164,-0.5996,1.582,-0.9575,0.56,-0.0426,0.07715,-0.4976
0.523,-1.347,-0.9087,1.56,0.2605,-0.7563,0.882,-1.27,-0.0638,1.132,0.0689,2.426,-0.4407,-0.1967,-0.1003
0.7603,0.5923,-1.553,-0.547,-1.146,-0.5537,-0.978,0.0563,-0.663,-1.504,0.2378,-1.3,-0.4597,-0.07263,-0.2815
-0.6074,0.497,1.011,-1.587,0.3877,-0.9766,-0.1906,-0.2424,-0.431,-1.715,-0.9175,0.579,-0.134,0.1034,-0.4492
-0.2766,1.679,-1.202,-0.3962,-0.2036,-0.77,-0.752,0.3584,-0.5947,1.665,-0.9487,0.3271,-0.627,0.1385,-0.511
0.01563,0.2578,0.733,-1.55,-1.573,-1.379,0.2632,0.6035,-0.06107,1.581,-0.627,1.955,-0.1787,0.1107,-0.4233
-1.604,0.28,1.124,0.6743,0.6924,1.5205,0.865,-0.03644,0.975,-1.774,-0.6084,-0.7134,0.4536,0.59,-0.2045
0.2076,-0.552,-1.643,0.294,0.8037,-1.337,0.1906,-0.4014,-0.1803,0.2083,-0.3389,-0.759,-0.4783,-0.517,-0.4597
-0.1328,1.557,0.4546,-0.2776,0.896,-1.2705,-0.1787,1.033,-0.34,-0.0782,-0.784,-1.241,-0.348,-0.4714,-0.507
-1.198,0.5767,-0.11786,1.178,-0.447,0.6353,0.4312,-0.471,0.1026,-1.047,-1.002,0.1125,-0.4124,-0.2373,-0.3735
0.010056,1.312,1.385,-1.295,-1.102,-0.9365,-0.3499,0.7417,-0.4795,0.462,-0.62,0.3813,0.04285,-0.447,-0.551
1.528,-0.9497,1.079,1.473,0.3818,1.1875,1.479,-1.202,0.976,-0.192,2.041,0.9937,0.677,-0.08765,1.696
0.2351,-1.73,-1.375,-0.7583,-0.2367,-0.8936,-0.6357,-1.45,-0.517,0.1956,-0.4956,-0.67,-0.567,-0.4753,-0.4978
-0.459,-1.498,0.0476,1.44,-1.6875,-0.6313,0.687,0.2527,-0.2391,-0.4385,-0.8784,0.9175,-0.4448,-0.466,-0.2167
-0.528,-1.127,0.987,0.7896,-0.003496,-0.737,-0.2356,-1.5205,-0.4812,0.718,-0.552,0.134,-0.2029,-0.3586,-0.5176
-1.461,-1.711,0.2625,1.5,0.9165,1.064,1.382,-0.4177,0.796,-1.052,-0.81,0.954,0.0423,0.04166,0.2117
1.067,1.1455,-1.361,-0.4485,-1.352,0.1562,-1.173,0.7373,-0.4668,-1.591,1.035,-1.2705,-0.364,0.03098,0.05063
0.6255,-1.389,-0.534,-0.1416,-1.833,-0.646,-0.8047,0.731,-0.623,-1.094,0.343,-1.393,-0.4536,-0.2947,-0.307
-1.261,-0.2086,0.552,0.9478,-1.018,0.3909,0.003098,-0.4487,-0.315,0.753,-0.8926,0.3606,-0.3203,-0.3335,-0.4446
-0.559,-0.315,-0.5806,-1.29,0.09717,-0.913,-0.501,-1.159,-0.6357,-1.558,-0.8438,0.03915,-0.6074,-0.00899,-0.538
0.709,1.318,-0.7266,-0.352,-1.639,-0.3994,-0.978,1.646,-0.743,-0.1381,0.4658,-1.222,-0.4458,-0.4114,-0.2676
1.608,1.404,1.135,-1.15,0.341,2.012,1.795,0.1644,2.223,0.1735,2.154,-0.1401,1.901,1.21,2.137
-0.9717,-0.7236,1.064,-0.3047,1.168,-0.2109,-1.236,0.287,-0.689,-0.01103,-0.8813,-1.258,-0.1725,-0.4976,-0.4192
-1.102,1.637,-1.164,0.9736,0.8794,-0.2917,-0.0876,1.22,-0.527,-0.6357,-0.815,-0.10565,-0.5645,-0.447,-0.4514
-0.4858,0.6577,-0.7427,-1.27,-0.4739,-0.895,-0.667,-0.4792,-0.611,1.594,-0.951,1.369,-0.5957,0.0758,-0.515
-1.655,0.89,-0.3694,1.46,1.551,2.143,3.559,2.158,3.9,0.9624,-0.558,1.915,3.766,4.28,2.918
-0.3625,0.5254,1.61,-0.0915,-0.46,-0.7363,-0.7656,-0.732,-0.561,0.938,-0.781,-0.503,0.2316,-0.2954,-0.515
-0.976,0.226,0.1937,-0.693,-0.3608,0.08887,-1.074,-0.783,-0.5083,-1.697,-0.851,-0.9756,-0.4526,0.03096,-0.4338
0.594,-1.386,1.636,-1.45,-0.405,-0.51,-0.74,-1.414,-0.56,-0.3171,0.0592,0.1915,0.253,-0.446,-0.4707
-1.276,-0.561,0.3782,1.55,-0.939,0.342,0.7417,-0.8413,0.1033,0.3381,-0.611,1.421,-0.2188,-0.4216,-0.2339
-1.539,-1.085,-1.485,0.1705,0.2496,1.194,0.01276,-1.121,0.278,0.7334,-0.64,-0.429,-0.3389,-0.2496,-0.5015
1.105,-1.226,1.078,0.667,1.706,0.562,-0.4658,1.512,-0.1826,0.9517,1.087,0.293,0.11475,-0.2925,0.086
1.701,-0.0004518,0.4417,1.295,-0.6523,2.467,4.074,-0.7173,4.97,0.4873,2.553,1.074,6.45,6.73,5.938
1.641,-1.4375,-0.2416,1.624,0.665,1.891,3.18,-0.981,3.219,-0.0925,2.182,1.737,2.852,2.754,3.91
1.4,0.5376,-0.02281,-1.63,-1.707,1.313,0.4849,1.199,0.675,0.3994,1.459,1.132,0.1234,-0.1519,0.554
-0.1567,-0.7896,-1.047,-0.751,-0.7007,-1.327,-0.0673,-1.05,-0.2756,0.1321,-0.9023,-0.7056,-0.518,-0.4941,-0.4648
0.4946,-1.222,-1.545,-0.269,-0.1407,-0.609,-0.8936,-1.378,-0.6255,0.8486,0.1201,-0.7007,-0.4155,-0.3513,-0.4175
1.609,0.957,-0.09796,1.031,0.546,2.102,2.71,0.1016,3.006,-0.1915,2.074,0.02269,2.574,2.379,3.152
-0.3352,-1.085,-1.046,0.6943,-0.3801,-1.034,0.11884,-1.279,-0.2228,-0.73,-0.812,-0.8994,-0.5786,-0.37,-0.4956
-1.121,-1.673,-1.098,0.2942,0.929,-0.3042,-0.6846,-0.5083,-0.594,1.155,-0.7437,-0.1393,-0.568,-0.2108,-0.523
1.502,0.9663,0.0743,-0.4644,-0.7134,2.057,1.597,-0.10785,2.146,0.6235,2.1,-0.666,1.414,1.209,1.926
1.119,0.1157,0.1388,-0.4346,-1.133,0.521,-0.9775,-0.2876,-0.3052,-0.7964,1.066,-1.198,-0.2106,-0.4082,0.1078
-1.016,1.387,-1.2,-1.473,1.295,-0.0821,-0.737,1.956,-0.54,-0.882,-1.035,0.224,-0.676,-0.3296,-0.4517
-0.669,-0.1796,0.238,-1.26,-0.4717,-0.5264,-0.742,-1.038,-0.629,1.044,-0.697,0.536,-0.3745,-0.2301,-0.5483
0.243,0.7217,1.1875,-1.503,-1.456,-1.136,-0.0614,0.673,-0.3545,0.4521,-0.1714,0.8716,0.074,-0.4521,-0.4412
-1.537,-1.509,-0.1562,-0.5654,0.727,0.892,-0.5737,-0.9526,-0.1317,1.346,-0.794,0.02805,-0.4468,-0.05768,-0.4878
-0.891,-1.18,0.8774,0.1108,1.122,-0.2925,-1.093,-0.12317,-0.6904,-1.066,-0.6587,-1.418,-0.2017,-0.294,-0.4312
-0.7407,1.378,-0.603,-0.0648,-0.6274,-0.8164,-0.6235,0.213,-0.693,0.6904,-0.594,-0.9185,-0.6323,-0.3574,-0.5947
1.057,0.4714,0.7124,-1.172,0.944,0.696,-0.7173,0.338,-0.1737,1.373,0.6987,0.9146,-0.0652,-0.02957,-0.1345
-0.2234,0.4841,0.1488,1.195,-0.5615,-1.306,0.984,-0.531,0.12274,-0.53,-0.3972,0.2091,-0.26,-0.3647,-0.02063
-1.536,-0.7905,0.3215,1.028,-0.2289,1.019,0.6826,-1.267,0.3926,-1.335,-0.549,-0.1565,-0.09894,-0.01232,-0.29
0.739,0.0623,1.75,-1.279,0.3992,-0.864,-0.506,-0.508,-0.5405,0.4346,0.4983,0.2279,0.3828,-0.4902,-0.2966
1.438,1.338,-0.3306,1.259,1.582,1.227,1.151,2.717,0.771,-0.9355,2.111,0.354,0.1345,0.02446,1.549
0.928,-0.3503,-0.04346,-0.8354,1.789,0.2505,-1.083,2.053,-0.4421,-1.086,0.8228,-0.9463,-0.3145,-0.245,-0.05154
-1.1,0.71,0.9033,-0.8086,0.3064,0.3464,-1.048,-0.2954,-0.3384,0.04898,-0.6772,-0.859,-0.08,-0.4521,-0.452
0.1356,-0.829,-1.728,1.425,1.628,-0.8574,0.834,1.439,-0.162,0.6646,-0.4126,1.522,-0.4565,-0.3625,-0.198
-0.6816,0.7256,-0.703,-1.475,1.131,-0.5366,-0.622,1.042,-0.496,-1.25,-0.9536,0.3481,-0.587,-0.1888,-0.549
1.447,0.5527,0.4448,-1.251,-0.4636,1.116,-0.02812,-0.7134,0.281,0.9614,1.636,0.6577,0.05582,-0.1686,0.552
0.01382,-1.44,1.446,0.1658,1.351,-1.05,-0.2654,0.427,-0.436,0.8813,-0.573,-0.3015,0.103,-0.2964,-0.5464
-1.408,-0.5522,-1.313,1.431,-0.2451,0.6396,0.858,-1.03,0.2467,-1.211,-0.7266,0.8545,-0.3894,-0.12396,-0.1135
0.31,1.6455,-1.649,1.512,0.83,-1.059,1.189,0.936,0.1313,-1.303,-0.3413,1.0,-0.3772,-0.09515,0.01083
-0.08386,0.6973,-1.711,-1.459,1.68,-0.8477,-0.4587,2.229,-0.608,-1.296,-0.345,0.2466,-0.4812,-0.1625,-0.521
-0.3118,-0.06683,1.658,-1.134,1.741,-0.787,-0.6206,1.98,-0.5884,0.2118,-0.7554,-0.1942,0.1929,-0.462,-0.5464
-0.8853,-0.1688,1.016,0.3303,1.694,-0.0724,-0.869,1.791,-0.573,-1.224,-1.164,-1.156,-0.1425,-0.204,-0.4568
1.631,-1.603,0.8306,0.7153,0.562,1.976,1.943,-1.029,2.312,-1.296,1.93,-0.9067,1.917,1.625,2.059
-0.7485,0.7666,-0.2058,-1.183,-0.6704,-0.764,-0.669,-0.2717,-0.6284,1.173,-0.781,0.7476,-0.5366,-0.2142,-0.568
1.488,0.3623,-0.04355,0.4976,0.693,1.599,0.977,-0.2145,1.083,-0.956,1.756,-0.923,0.3699,0.2,1.1045
0.8853,1.293,1.508,-1.337,1.384,0.0178,-0.9014,1.907,-0.547,0.2546,0.679,0.2461,0.26,-0.4658,-0.2062
1.025,-1.537,0.9873,-0.5923,-0.764,0.1686,-1.169,-1.13,-0.4866,0.505,0.934,-0.661,0.03284,-0.4285,0.01137
-1.086,1.435,-0.1572,1.378,1.309,0.008026,0.411,1.968,-0.1708,1.145,-0.82,1.969,-0.4631,-0.1716,-0.3623
-0.758,-0.1793,-0.8823,-1.198,1.331,-0.4072,-0.8477,0.7417,-0.6455,1.518,-1.098,1.235,-0.586,0.052,-0.4517
-1.147,0.939,0.02937,-0.2212,-0.09045,0.0342,-1.153,-0.4626,-0.6045,0.6543,-0.96,-0.746,-0.4504,-0.3623,-0.4626
1.718,-1.299,-0.292,0.8564,1.248,2.729,4.457,0.2544,5.92,0.1464,2.248,-0.2168,8.68,9.39,6.32
-0.765,0.6235,-1.346,0.0779,0.04147,-0.7563,-0.671,-0.4377,-0.653,-1.092,-0.673,-1.491,-0.663,-0.2688,-0.5635
-0.967,-0.1293,0.721,-1.11,-1.287,-0.2642,-0.9473,-0.11786,-0.66,-0.482,-0.995,-0.4673,-0.3242,-0.437,-0.4473
0.901,0.421,0.715,-0.94,0.392,0.2827,-0.951,-0.4167,-0.5195,1.334,0.538,0.387,-0.1527,-0.09644,-0.1996
0.6655,1.611,-0.4111,1.332,0.3667,-0.7456,0.5713,0.5522,-0.1761,0.3215,0.5356,1.0625,-0.409,-0.457,-0.06128
1.704,1.543,-0.436,-0.8867,-0.74,2.414,2.59,0.4126,3.357,0.2698,2.562,-0.4688,3.084,3.053,3.559
0.11536,-1.307,0.0802,-1.104,0.3872,-0.742,-0.7173,-1.181,-0.614,-0.916,-0.014854,-0.4922,-0.3394,-0.3142,-0.4407
-0.1084,0.1696,1.384,1.676,0.3052,-1.251,1.623,-0.7397,0.4514,0.869,-0.3813,2.498,0.3816,-0.1447,0.381
-1.274,-1.247,-1.252,-0.491,-1.782,0.5737,-0.962,0.5103,-0.3577,-0.2659,-0.948,-1.138,-0.5894,-0.4888,-0.4573
-0.4863,-1.753,0.2179,-0.7256,-1.048,-0.612,-0.929,-0.9565,-0.669,-0.5303,-0.6216,-1.103,-0.4438,-0.465,-0.499
1.258,1.345,0.668,-0.6562,-0.0319,0.8506,-0.578,0.04196,-0.10504,-0.2021,1.162,-1.019,-0.05753,-0.514,0.0689
-0.9175,-0.3474,-0.6533,0.007343,0.3572,-0.4924,-0.986,-0.7812,-0.6216,1.59,-0.8022,0.2184,-0.601,0.0594,-0.515
-0.7666,-1.162,0.2363,-1.604,-0.6055,-0.6304,-0.4875,-1.224,-0.4868,-1.006,-0.79,0.662,-0.3813,-0.2544,-0.561
-0.863,-1.214,-0.0419,-1.638,0.4392,-0.3352,-0.6475,-1.153,-0.5576,-0.6187,-1.048,0.699,-0.4568,-0.4504,-0.55
-0.7783,-1.608,-0.5493,-0.3433,-1.227,-0.4248,-1.099,-0.7563,-0.58,-1.257,-0.867,-1.435,-0.5835,-0.1669,-0.4705
-1.128,1.133,-1.552,0.4353,0.9375,0.2319,-0.66,0.8853,-0.4387,0.669,-0.9087,-0.2522,-0.543,-0.402,-0.533
-1.411,0.1362,-0.741,0.6855,0.74,0.774,-0.1203,-0.1855,-0.05887,1.365,-0.804,0.5786,-0.538,-0.0442,-0.5537
0.6426,-1.586,0.1349,-1.3955,0.7,-0.488,-0.668,-0.703,-0.5537,0.6924,0.3035,0.7065,-0.366,-0.456,-0.3843
-0.9126,-1.649,0.4348,0.2102,0.1946,-0.3682,-0.853,-1.434,-0.609,-1.481,-0.938,-1.23,-0.41,-0.0844,-0.4841
0.881,0.0199,1.438,0.9785,1.382,-0.01488,-0.2517,1.013,-0.4246,1.653,0.5674,1.451,0.2583,0.0914,-0.2433
0.2335,-1.007,-1.747,-0.2197,0.4287,-1.006,-0.511,-1.126,-0.5845,-0.0734,-0.3333,-1.229,-0.4316,-0.5117,-0.554
1.239,-0.4858,1.692,-1.3545,-1.01,0.6753,-0.5625,-0.59,-0.1781,-1.79,1.119,0.007195,0.4292,0.1418,0.116
-1.416,-0.02983,-1.056,-0.879,0.7954,0.8994,-0.578,-0.3196,-0.0619,-1.015,-1.143,-0.953,-0.6113,-0.276,-0.4607
1.61,1.099,-1.538,-1.314,0.04153,1.971,1.644,-0.2175,2.064,1.302,2.23,1.153,1.239,1.41,2.066
-0.7144,0.2388,-0.2356,1.268,0.06934,-0.4937,0.2043,-0.821,-0.46,-0.506,-0.5303,0.4434,-0.4346,-0.4888,-0.4907
-1.333,1.509,0.06158,-0.4614,-0.4922,0.4622,-0.923,0.07886,-0.3877,-1.351,-0.6704,-1.27,-0.361,-0.09204,-0.5244
1.483,0.751,0.4675,0.1284,-0.1351,1.888,1.334,-0.6245,1.795,-1.333,1.75,-1.309,1.084,1.051,1.388
-0.722,0.3057,-1.299,-0.801,0.3213,-0.659,-0.88,-0.4426,-0.686,1.632,-0.805,0.68,-0.602,0.11444,-0.5186
-0.4153,0.5947,-1.555,0.4922,0.1641,-0.7383,-0.306,-0.4568,-0.4788,-0.5073,-0.687,-0.9536,-0.485,-0.4216,-0.5522
0.553,0.1672,0.6694,1.0205,1.163,-0.07764,-0.142,0.4392,-0.3865,-1.095,-0.002415,-0.0908,-0.1931,-0.304,-0.4805
-1.601,-1.307,-0.1726,-0.4893,1.433,1.366,0.03546,0.696,0.497,-0.721,-0.6914,-1.292,-0.2047,-0.198,-0.5273
-0.506,-0.0582,1.352,0.6704,0.994,-0.9136,-0.2026,0.2068,-0.47,0.1635,-0.5884,-0.4014,0.0367,-0.523,-0.5034
-0.5674,-0.933,-0.7876,0.1787,-0.4727,-0.96,-0.4653,-1.117,-0.533,0.763,-0.9,-0.3284,-0.552,-0.325,-0.4976
1.513,0.11017,-1.316,0.369,1.08,1.316,0.3872,0.3945,0.5737,1.087,2.006,-0.01157,-0.0365,0.006767,1.02
0.279,0.62,0.6094,-0.6177,1.3955,-1.135,-0.4875,1.431,-0.53,-1.451,-0.187,-1.162,-0.2563,-0.0494,-0.509
-1.107,-1.002,-0.9917,-1.627,-1.241,-0.1989,-0.6855,-0.3772,-0.5684,-1.73,-0.8726,0.532,-0.5986,0.05646,-0.542
0.5894,0.4502,-0.9497,-0.985,-0.571,-0.683,-0.856,-0.5356,-0.6772,-0.466,0.2405,-0.725,-0.525,-0.4526,-0.3035
0.0677,0.96,-0.5874,-1.185,0.95,-0.923,-0.475,0.583,-0.5415,-0.7983,-0.304,-0.3796,-0.461,-0.3801,-0.5234
0.02762,1.429,1.348,-0.7285,-1.744,-1.003,-0.627,2.027,-0.565,0.602,-0.547,-0.551,0.0866,-0.407,-0.56
-1.415,0.3708,-1.167,1.299,0.762,0.942,0.793,-0.010056,0.4255,0.3389,-0.7715,0.9116,-0.3484,-0.261,-0.2031
0.727,0.0773,-0.1777,0.6626,0.803,-0.3608,-0.5093,-0.1506,-0.6733,-0.853,0.5703,-1.057,-0.3691,-0.3303,-0.2854
0.4495,-0.1487,1.526,1.708,-1.21,-0.6587,1.163,-0.2573,-0.01204,-0.1807,-0.1823,1.891,0.2764,-0.482,0.06964
-0.575,-0.146,-1.4,-0.08984,-1.061,-0.76,-0.8145,-0.3984,-0.6816,0.02551,-0.632,-1.159,-0.5474,-0.4766,-0.549
-0.377,-0.455,0.395,1.366,1.341,-0.9194,0.777,0.842,-0.1641,-1.115,-0.6895,0.5625,-0.3057,-0.2216,-0.229
0.78,-1.076,-1.136,-0.2634,-1.187,-0.607,-0.8955,-0.7363,-0.6865,1.026,0.53,-0.539,-0.4565,-0.2349,-0.268
0.0534,0.964,-0.5073,-0.6016,0.8813,-0.891,-0.6553,0.607,-0.5557,-1.405,-0.3289,-1.44,-0.5884,-0.103,-0.526
0.7915,-0.966,1.6,-0.8613,1.197,-0.1011,-1.17,0.1888,-0.56,0.28,0.571,-0.3992,0.265,-0.455,-0.1361
0.8066,1.603,1.387,0.543,-0.934,-0.001111,-0.6377,0.544,-0.4695,-1.125,0.4614,-1.273,0.1616,-0.252,-0.2472
-0.3784,0.4224,0.4028,0.336,1.023,-1.342,0.2173,0.5615,-0.269,0.2512,-0.6147,-0.823,-0.364,-0.439,-0.4202
-0.3633,1.126,-1.404,-1.04,-0.04306,-0.9067,-0.5776,-0.29,-0.4749,-0.6865,-0.5967,-0.657,-0.5366,-0.436,-0.615
-0.977,-1.284,0.5864,0.7856,0.5503,0.1027,-0.506,-1.043,-0.382,-0.7104,-0.8027,-0.5737,-0.2974,-0.4282,-0.577
-1.26,-1.538,-0.6416,0.3938,-0.0483,0.621,-0.4648,-1.379,-0.2028,1.584,-0.722,0.681,-0.465,0.0733,-0.564
-0.728,-1.006,0.2145,-0.5493,0.3296,-0.748,-0.818,-1.11,-0.6084,0.749,-0.8594,-0.4595,-0.4026,-0.3438,-0.506
-0.2023,0.718,0.8247,-1.656,-0.5215,-1.107,0.065,-0.4458,-0.3464,-0.8657,-0.566,0.775,-0.1448,-0.3162,-0.4797
0.04877,-1.106,1.567,-0.3481,1.137,-1.053,-0.4468,0.03583,-0.4592,0.0671,-0.2585,-0.9424,0.1573,-0.489,-0.561
-1.464,-0.678,-0.08374,1.195,-1.061,0.9927,0.807,-0.4473,0.396,1.592,-0.9785,1.761,-0.2583,0.236,-0.1045
-0.7964,1.473,1.694,-0.576,-0.303,-0.2646,-0.944,0.1769,-0.562,0.9346,-0.9146,-0.2913,0.2089,-0.3267,-0.5044
1.155,-0.414,0.4875,-0.2478,0.8945,0.2479,-1.033,-0.0842,-0.4717,0.9375,1.105,-0.52,-0.1276,-0.2683,0.2062
1.633,-1.2705,0.871,-0.0557,0.7466,1.947,1.418,-0.848,1.891,1.074,2.268,-0.3496,1.4375,1.115,1.97
0.3113,0.412,-1.394,1.457,-1.046,-0.7666,0.882,-0.1737,-0.0656,1.043,-0.316,1.874,-0.461,-0.2026,-0.1235
1.2,-0.5396,0.2634,-0.3804,0.2678,0.4343,-0.932,-1.003,-0.404,-0.96,1.124,-1.474,-0.262,-0.302,0.1228
0.4226,-1.525,1.058,-1.557,1.023,-1.161,0.0477,-0.1736,-0.366,0.9414,-0.02124,1.437,-0.04483,-0.319,-0.4866
-1.684,0.3967,1.5625,0.1782,0.3997,1.58,0.6733,-0.5103,0.97,0.1603,-0.732,-0.816,0.683,-0.05872,-0.2693
-1.535,-0.1832,0.848,1.417,-0.1185,1.014,1.091,-1.043,0.668,1.538,-0.593,2.393,0.2274,0.3108,-0.01171
-0.4282,0.6606,-0.6704,-0.906,-1.085,-0.4695,-1.026,0.032,-0.6406,-0.4016,-0.5625,-0.7495,-0.5864,-0.4458,-0.5146
-1.336,-1.282,-0.382,1.238,-0.2744,0.821,0.4524,-1.464,0.2238,0.401,-0.9326,0.653,-0.414,-0.352,-0.3826
-1.553,0.7515,1.243,0.7515,-0.8027,1.051,0.3127,-0.1329,0.316,-0.5083,-0.6772,-0.558,0.1659,-0.3179,-0.3691
0.1228,0.7534,-0.8096,1.565,-0.863,-0.8877,1.071,-0.1219,-0.007904,0.6074,-0.23,1.898,-0.4458,-0.3506,0.01855
1.423,0.542,1.494,0.0712,-1.44,1.317,0.1682,0.5938,0.5454,0.9272,1.69,-0.531,0.6772,-0.1081,0.6655
0.0471,1.241,-0.2725,-1.556,-0.04456,-0.79,-0.3848,-0.05823,-0.5073,-0.417,-0.5044,0.5234,-0.535,-0.501,-0.506
0.6274,-0.907,0.003567,1.318,-0.563,-0.6343,0.4622,-1.175,-0.3313,-1.549,0.4546,0.5063,-0.354,-0.0373,-0.1311
-0.749,-0.763,0.1067,0.1315,-1.206,-0.33,-0.8784,-0.3892,-0.6113,-1.537,-1.169,-1.123,-0.4915,0.02054,-0.4104
-1.033,-0.2289,-1.299,0.317,0.739,-0.2113,-0.8306,-0.3455,-0.6855,1.671,-0.882,0.697,-0.618,0.1652,-0.517
1.73,-1.106,-1.184,-1.59,0.0609,2.363,2.95,-1.386,3.64,-0.62,2.246,0.682,3.537,3.582,3.646
1.31,1.533,-1.377,-0.5312,-0.3118,0.9634,-0.7017,0.1914,0.01933,1.247,1.1875,-0.04483,-0.2798,-0.0936,0.08356
-0.0952,1.639,-0.9844,0.0821,0.798,-1.186,-0.0895,1.039,-0.3645,-1.387,-0.888,-1.354,-0.5645,-0.1608,-0.4604
0.8667,-1.208,-0.2322,1.118,1.495,-0.3645,0.0514,0.904,-0.4263,1.188,0.61,1.158,-0.3894,-0.1516,-0.2158
-1.016,-1.484,1.681,-0.2072,-1.303,-0.2239,-1.082,-0.531,-0.602,0.3745,-0.7686,-1.046,0.2083,-0.4153,-0.4475
-1.17,0.5654,1.056,1.651,1.5625,-0.04163,0.88,1.934,-0.0318,0.0684,-1.132,1.714,-0.12494,-0.4578,-0.12396
1.044,-0.7646,1.676,-0.4524,-0.7607,0.0737,-1.153,-1.028,-0.5835,-1.471,1.002,-1.273,0.3652,-0.0541,0.07697
-1.612,0.928,-1.185,-1.303,0.907,1.335,0.2788,0.7275,0.498,1.55,-0.289,1.31,-0.2336,0.2019,-0.3923
-0.961,0.3289,-0.0717,0.6304,-0.1187,-0.122,-0.6367,-0.7104,-0.5586,-1.578,-0.909,-0.832,-0.4644,0.00915,-0.5547
0.5034,0.5806,-0.7495,-1.408,-0.3313,-0.8804,-0.4246,-0.595,-0.4666,-0.8145,0.10364,0.12085,-0.5073,-0.4023,-0.4036
-0.1019,0.7764,-1.299,-0.01944,0.1348,-0.9077,-0.4397,-0.338,-0.4832,-1.566,-0.558,-1.446,-0.502,-0.009384,-0.601
-0.2888,0.9365,0.1904,0.9385,-1.836,-0.302,-0.1464,1.692,-0.546,1.352,-0.649,0.9663,-0.4016,-0.07166,-0.5703
0.9326,-0.5605,-1.548,1.145,0.5156,-0.3616,0.010506,-0.791,-0.4922,-1.731,0.9614,0.3452,-0.362,0.1024,0.06903
-1.607,1.366,0.2598,-0.9023,1.045,1.235,-0.2129,1.392,0.241,0.0937,-0.539,-0.7417,-0.2023,-0.39,-0.503
1.112,0.8965,-0.07733,0.0795,-0.511,0.717,-0.5933,-0.348,-0.148,-0.4849,0.9517,-1.415,-0.3599,-0.508,0.01472
1.66,1.387,0.0145,-0.8115,-1.472,1.814,0.9077,1.4375,1.483,0.95,2.148,-0.08167,0.779,0.632,1.459
-1.414,-0.6333,1.226,1.238,1.747,0.22,0.2181,1.871,-0.1874,1.642,-0.8135,2.053,0.005924,0.1272,-0.4773
-0.01092,-0.529,-1.608,-0.264,-0.166,-0.873,-0.647,-1.292,-0.4966,0.72,-0.502,-0.86,-0.524,-0.3257,-0.5654
-1.596,-1.04,1.327,1.536,-1.634,1.335,1.785,0.2847,1.392,1.671,-0.729,2.986,0.95,0.933,0.534
-0.504,-0.711,-1.237,0.1525,1.412,-0.758,-0.6714,0.738,-0.6187,-1.711,-0.6406,-1.273,-0.6514,0.0978,-0.6187
-1.6,1.51,-1.6875,1.002,1.601,1.221,0.914,2.867,0.781,1.328,-0.753,1.015,-0.10065,0.2484,-0.1228
-1.691,-0.7695,-1.574,0.5015,1.349,1.873,1.552,0.5576,1.79,0.1794,-0.4917,-0.746,0.7744,0.6772,0.4048
1.67,1.072,0.538,-0.7974,0.8687,2.299,2.307,0.6333,2.973,0.9146,2.121,-0.1277,2.654,2.566,2.637
-0.0805,1.278,-0.8833,-0.934,-1.798,-1.07,-0.3674,2.03,-0.433,-0.8115,-0.3892,-0.9097,-0.529,-0.399,-0.505
1.152,1.221,-0.6987,-1.3955,0.668,0.741,-0.3738,0.3306,-0.0765,1.101,1.045,1.048,-0.3198,-0.165,0.0226
-1.065,-1.567,-1.281,-0.918,0.2712,0.06384,-1.001,-1.351,-0.627,0.3923,-0.9463,-0.3093,-0.5913,-0.4434,-0.4187
1.145,-0.582,0.7373,0.1997,-1.342,0.301,-0.8896,-0.1705,-0.4766,0.5967,1.474,-0.7573,-0.03198,-0.4233,0.4045
0.6597,0.635,-0.2192,-1.456,-0.861,-0.2766,-0.6895,-0.2152,-0.6206,1.515,0.292,1.787,-0.4846,-0.0274,-0.4236
-0.2837,-1.118,-1.444,-1.408,-0.03345,-1.048,-0.2032,-1.356,-0.3447,-0.7295,-0.542,0.1844,-0.523,-0.3967,-0.5684
-1.144,1.144,0.3516,0.4143,0.476,0.06036,-0.6626,0.2382,-0.5425,-0.743,-1.07,-1.135,-0.3855,-0.4072,-0.5596
0.7476,0.8516,-0.4084,-0.4968,-1.416,0.03445,-1.121,0.657,-0.57,-1.336,0.6353,-1.313,-0.4233,-0.1818,-0.1428
-0.572,-1.503,-1.114,1.32,-0.4968,-0.613,0.5547,-1.292,-0.3042,-0.841,-0.896,0.5693,-0.5723,-0.362,-0.3076
0.7764,0.98,1.672,0.2196,-1.438,-0.3008,-0.8613,0.9507,-0.5645,-0.8335,0.585,-1.368,0.3738,-0.3347,-0.2131
-0.4375,0.701,-0.458,-0.0152,-0.7134,-0.7773,-0.6943,-0.2676,-0.606,-1.678,-0.4531,-1.295,-0.544,0.0853,-0.5156
-0.4858,0.6797,0.895,-0.169,0.7905,-0.747,-0.881,0.1947,-0.5693,-1.455,-0.9814,-1.204,-0.2236,-0.11127,-0.39
1.087,1.244,0.8354,-0.7573,0.609,0.5186,-1.04,0.3184,-0.3528,0.7935,1.062,-0.1862,-0.02713,-0.386,0.1021
0.5645,-0.579,1.348,-1.515,0.738,-0.49,-0.567,-0.5337,-0.616,1.016,0.2773,1.167,0.1162,-0.2627,-0.3594
1.056,1.667,0.04022,-1.112,0.373,0.12445,-0.974,0.563,-0.5063,1.329,0.7544,0.868,-0.2969,-0.12036,-0.1243
-0.484,-0.0868,-0.4846,0.706,0.856,-0.894,-0.10925,-0.1091,-0.525,1.308,-1.019,0.4412,-0.566,-0.0997,-0.5264
0.305,-0.966,0.3203,-1.184,-1.633,-1.147,-0.2861,0.31,-0.396,1.517,-0.03082,1.18,-0.2976,0.02235,-0.456
-1.173,0.3928,1.006,-0.3386,-0.577,0.2625,-1.107,-0.5903,-0.5146,0.5015,-0.945,-0.849,-0.1345,-0.4673,-0.4688
0.4602,0.01156,-0.1494,1.673,-1.058,-0.7397,1.2,-0.2795,0.00438,-1.203,-0.03903,1.546,-0.3794,-0.237,0.0876
-1.301,-1.343,0.2712,0.0439,-0.0337,0.4856,-0.781,-1.444,-0.3538,-0.935,-0.6616,-1.474,-0.3818,-0.3484,-0.6016
-0.0985,0.8096,0.204,-0.0461,0.256,-1.007,-0.529,-0.316,-0.543,-0.688,-0.7373,-1.436,-0.4026,-0.4138,-0.5234
0.1296,-0.5415,1.652,1.542,-0.4885,-0.948,1.116,-1.184,0.07935,0.3274,-0.363,1.62,0.3467,-0.3696,-0.01437
1.722,0.3303,-1.061,0.4001,1.333,2.55,3.295,1.098,4.26,-1.057,2.158,-1.098,4.676,5.066,4.043
1.672,1.255,-0.627,-0.01718,0.3843,2.027,1.697,0.0945,2.11,0.5547,2.467,-0.793,1.293,1.11,2.463
-1.094,1.591,0.653,0.6997,1.57,-0.03842,-0.508,2.654,-0.523,0.692,-0.766,-0.03806,-0.3435,-0.3638,-0.507
1.286,0.802,-0.616,0.4802,-0.2059,0.658,-0.4226,-0.5,-0.2179,-1.245,1.329,-1.159,-0.336,-0.2212,0.2296
1.241,-1.125,1.0205,1.683,1.132,1.0205,1.573,-0.006435,0.868,-1.049,1.202,1.492,0.5283,0.1119,1.028
1.574,1.01,-1.027,1.015,-0.3118,1.9375,2.133,-0.3135,2.377,-0.5366,2.277,-0.1761,1.581,1.472,2.668
0.2725,-1.44,-0.2153,0.598,1.704,-0.694,-0.3708,1.444,-0.4585,1.501,0.04333,0.6694,-0.4944,0.00986,-0.4844
-0.915,0.8647,-0.1522,-1.173,-1.841,-0.1958,-0.926,1.624,-0.6157,0.967,-0.964,0.5527,-0.5034,-0.2695,-0.4714
-1.1045,-0.977,-0.551,0.9795,0.5576,0.02315,-0.1808,-0.929,-0.4048,0.8516,-0.965,0.5337,-0.5933,-0.3264,-0.531
-0.806,1.475,-1.118,1.09,1.77,-0.954,0.522,3.28,-0.2078,-1.358,-1.068,-0.09906,-0.547,-0.1312,-0.2456
1.71,1.185,-1.182,-0.1908,1.558,2.172,2.035,2.422,2.63,1.061,2.33,-0.417,1.915,2.016,2.648
-0.3115,0.299,-0.6655,-1.352,1.513,-1.113,-0.1587,1.491,-0.447,0.287,-0.6074,0.0755,-0.588,-0.488,-0.589
1.412,0.4102,0.02211,-0.02309,-0.7607,1.394,0.3093,-0.4636,0.6357,-0.2678,1.491,-1.41,0.0639,-0.2437,0.5356
0.2025,-0.5474,-1.074,-0.938,-1.552,-1.317,-0.09216,0.3376,-0.2942,1.464,-0.4575,0.509,-0.5923,-0.00853,-0.499
-1.586,-1.748,0.544,1.679,-0.3208,0.6484,1.177,-1.44,0.4443,-0.531,-0.749,1.521,-0.04053,-0.2766,0.02875
1.65,-1.554,-0.1432,-0.5317,-1.827,1.88,1.149,0.7456,1.666,-0.2354,2.242,-1.205,0.926,0.5767,1.718
0.837,-0.9536,0.5557,0.533,0.6475,0.01782,-0.6626,-0.7993,-0.5093,0.9883,0.7124,-0.0891,-0.1825,-0.2605,-0.1494
0.3145,-0.8203,1.432,1.689,1.187,-0.573,1.056,0.1693,0.02779,-0.3657,0.1732,1.65,0.2148,-0.4321,0.0665
1.066,1.553,-0.9077,1.495,0.8657,0.2651,0.5615,1.065,-0.0625,-0.924,0.7812,1.019,-0.3228,-0.2856,0.0912
-0.06647,-1.479,-0.1498,-0.1891,0.3594,-1.046,-0.5547,-1.281,-0.415,0.6665,-0.2925,-0.687,-0.474,-0.4497,-0.4785
0.4897,0.04666,-0.0708,1.065,0.3958,-0.6567,0.11346,-0.562,-0.378,-0.0469,0.2283,0.1357,-0.3625,-0.5103,-0.2957
1.011,0.06946,1.379,-0.9995,1.192,-0.04892,-0.988,0.3,-0.567,-1.701,0.392,-0.7617,0.1338,0.0709,-0.248
1.039,-0.08734,-0.09705,-0.874,-0.911,0.3052,-0.9653,-0.6274,-0.475,-0.5483,0.8135,-0.906,-0.3604,-0.4434,-0.0424
-0.4924,0.4917,0.627,0.9053,1.433,-1.055,0.2878,1.312,-0.1897,-0.551,-0.806,-0.4783,-0.2322,-0.414,-0.381
-1.089,0.4846,1.516,0.3333,1.826,0.4675,-0.751,2.553,-0.3882,1.181,-1.048,0.11456,0.0973,-0.2043,-0.4663
-0.10693,-0.9077,1.28,-1.481,-1.223,-1.323,0.1001,-0.4895,-0.278,-0.3577,-0.833,0.2479,-0.0373,-0.4546,-0.4224
1.552,-0.1118,1.578,0.621,-0.2482,1.506,0.955,-1.0625,1.076,-1.524,1.94,-0.9497,1.026,0.468,1.231
0.9683,-1.598,-1.567,0.7573,-0.9062,0.5107,-0.3843,-1.086,-0.2866,0.5693,0.873,-0.01575,-0.3367,-0.414,-0.05377
1.436,0.692,0.3896,1.642,1.317,1.232,1.885,1.349,1.316,-1.444,1.852,1.583,0.658,0.6494,1.884
0.4028,1.323,1.141,-0.3289,0.4868,-0.789,-0.789,0.1592,-0.6357,-0.03787,0.02318,-1.198,-0.012405,-0.4802,-0.3552
-0.3809,-1.342,0.1786,1.215,0.017,-0.7544,0.4656,-1.566,-0.2421,-1.164,-0.6714,0.1244,-0.421,-0.1965,-0.3843
-1.265,1.626,-1.017,-1.384,-0.706,0.698,-0.581,0.4153,-0.1597,-0.6694,-0.76,-0.0252,-0.4917,-0.4172,-0.571
1.658,0.2314,1.468,-0.997,1.312,2.207,2.045,1.046,2.664,1.177,2.387,0.4133,2.607,2.115,2.611
-0.7144,-1.512,0.593,0.8574,-1.013,-0.559,-0.2688,-0.991,-0.4844,0.0821,-0.931,-0.2898,-0.3135,-0.494,-0.4934
-1.149,0.7554,-1.593,-1.205,-0.44,0.5103,-0.9326,-0.537,-0.346,1.496,-0.71,1.119,-0.523,0.0176,-0.484
1.681,1.668,0.7793,1.353,1.1875,2.336,3.781,1.655,4.445,-1.688,2.02,0.773,5.414,5.88,4.71
0.1499,0.01457,0.9116,-0.6206,-0.9824,-0.894,-0.6777,-0.4607,-0.5757,0.4585,-0.584,-0.554,-0.1753,-0.4392,-0.5493
1.442,-1.703,1.069,1.449,-0.1919,1.277,1.567,-1.556,1.133,-1.324,1.453,0.951,0.7754,0.4434,1.279
-0.555,0.5176,0.2903,-1.331,-1.821,-0.867,-0.4187,1.514,-0.4675,0.734,-0.715,0.6704,-0.3577,-0.391,-0.4946
1.295,0.465,-0.01221,-0.2151,-0.46,0.7563,-0.8413,-0.7124,-0.106,1.235,1.312,-0.2496,-0.2605,-0.12213,0.2052
0.3335,0.11487,0.4307,1.446,0.835,-0.9287,0.8438,-0.09515,-0.06335,-0.4028,0.1383,0.8022,-0.2394,-0.4434,0.00701
0.4856,0.8574,-0.3594,-1.279,-0.1552,-0.8613,-0.4175,-0.3477,-0.5,1.266,-0.207,1.045,-0.502,-0.1636,-0.5396
0.8345,0.1792,0.3716,0.2625,1.601,0.141,-0.867,1.71,-0.449,-1.209,0.5957,-1.251,-0.1974,-0.2217,-0.221
0.4573,-1.457,0.1254,1.312,0.05554,-0.6895,0.4348,-1.451,-0.3787,0.0218,0.11035,0.727,-0.3853,-0.5156,-0.267
-0.356,1.015,-1.08,1.515,-1.153,-0.461,0.775,0.4792,-0.2012,-1.063,-0.9277,0.9653,-0.5767,-0.2712,-0.2102
1.309,0.1304,0.9824,0.9395,-0.3591,0.65,-0.011444,-0.97,-0.1665,-1.713,1.554,-0.4548,0.09515,0.07086,0.4993
0.9966,-0.952,1.022,0.7275,0.06256,0.2083,-0.6006,-1.388,-0.468,0.905,1.119,0.1003,0.02591,-0.3123,0.02646
-0.973,0.4917,-0.374,-0.1442,-0.21,-0.002478,-1.103,-0.65,-0.5693,-1.255,-0.8906,-1.5205,-0.5435,-0.205,-0.471
-1.494,-1.186,-0.8213,1.553,-1.127,0.9214,1.203,-0.7334,0.598,1.366,-0.6084,2.408,-0.2407,0.1824,0.07745
-1.101,1.264,-1.497,0.6895,-0.4692,-0.0881,-0.7,0.02345,-0.536,1.113,-0.637,0.283,-0.538,-0.2136,-0.53
0.4038,1.05,0.1487,1.506,0.457,-0.601,0.7476,0.0856,-0.11676,0.3474,-0.2063,1.628,-0.36,-0.4697,-0.1924
1.364,-0.8623,-0.716,-0.2627,-0.8433,0.848,-0.685,-0.854,-0.1377,-0.09827,1.627,-1.13,-0.328,-0.526,0.4988
0.9937,1.287,-0.2142,0.6616,-0.0886,0.2117,-0.5913,-0.2374,-0.4507,1.52,0.7036,0.642,-0.3853,0.04565,-0.2172
-1.646,0.6016,-1.101,0.8267,0.334,1.604,1.274,-0.393,1.312,0.3071,-0.6616,-0.2056,0.327,0.2622,0.1346
0.862,-1.711,1.348,-1.369,-0.2183,0.1555,-0.786,-1.536,-0.4985,1.674,0.8584,1.84,0.1304,0.1426,-0.0698
1.579,-0.85,-0.5146,0.751,1.253,1.6045,1.229,0.467,1.321,0.7285,1.754,0.04907,0.4192,0.4033,1.165
1.703,-0.547,0.2375,1.614,-0.4573,2.352,4.25,-1.35,4.902,1.246,2.37,2.59,6.29,6.844,6.027
-0.3865,1.618,1.223,0.5967,-0.7197,-0.817,-0.1299,0.579,-0.4033,0.2131,-0.583,-0.6675,-0.02332,-0.4736,-0.5625
0.459,-1.038,0.2898,-0.6655,-0.556,-0.8438,-0.7573,-1.145,-0.5684,1.05,0.06366,-0.1638,-0.351,-0.2281,-0.4333
0.9956,-0.1937,1.335,0.03973,1.729,0.2076,-0.988,1.803,-0.4858,-0.5796,0.71,-1.351,0.0999,-0.4712,-0.0813
-1.667,-0.322,1.3545,-0.529,-0.02283,1.8125,0.972,-1.098,1.473,1.606,-0.5205,0.4087,1.066,0.9487,-0.05136
-0.4827,-1.594,-0.1278,-0.1245,0.3254,-1.087,-0.3713,-1.359,-0.4775,0.897,-0.8345,-0.746,-0.4988,-0.2998,-0.5093
0.2386,-1.694,0.2927,-0.004543,-1.489,-0.7075,-0.693,-0.02957,-0.624,1.67,-0.159,0.3281,-0.3723,0.1062,-0.495
1.116,-0.7554,-1.501,0.3196,-0.4417,0.3137,-0.7817,-1.259,-0.4075,0.5107,0.995,-0.728,-0.4263,-0.4404,-0.02711
-1.282,-0.9697,-0.994,0.6675,1.304,0.4426,-0.4468,0.3984,-0.2966,1.166,-0.795,0.2957,-0.5303,-0.1875,-0.493
-0.507,0.2064,-1.754,0.342,-0.474,-0.7017,-0.6206,-0.689,-0.5493,0.2185,-0.73,-0.714,-0.5044,-0.5083,-0.528
0.2408,1.645,-0.792,0.8247,-1.714,-1.027,0.1849,2.088,-0.362,-0.2695,-0.0308,-0.5024,-0.5024,-0.4517,-0.3826
1.213,-0.0542,-0.07355,1.452,1.459,0.6543,0.9463,1.254,0.328,1.159,1.335,2.12,-0.0984,-0.005966,0.641
-0.638,1.125,-1.265,-1.516,0.73,-0.8174,-0.3042,0.511,-0.569,-0.5146,-1.001,0.3013,-0.5645,-0.47,-0.4954
0.4282,-1.014,-1.329,1.299,0.959,-0.996,0.898,-0.471,-0.02817,-0.336,0.1477,0.6265,-0.391,-0.4429,-0.00879
1.049,-0.261,-0.3813,1.079,1.46,1.105,0.842,1.159,0.579,0.652,1.232,0.6704,-0.05786,-0.1421,0.4875
-0.06946,-1.18,-1.014,0.674,0.306,-0.648,-0.3142,-1.101,-0.6064,0.2588,-0.3975,-0.4758,-0.6006,-0.4995,-0.5845
-0.5596,0.9688,1.223,-1.151,0.6143,-0.59,-0.678,0.2009,-0.601,-0.4373,-0.701,-0.3281,-0.0408,-0.4663,-0.547
0.358,-0.2344,1.046,1.126,-0.9204,-0.809,0.3745,-0.8135,-0.349,0.8916,0.01158,1.025,-0.05316,-0.2573,-0.2969
0.10406,0.9634,0.3364,0.2502,-0.1711,-1.297,0.0703,-0.2507,-0.3442,-0.683,-0.1576,-1.264,-0.3047,-0.4143,-0.4316
1.502,0.7456,-0.925,0.9453,-0.8516,1.642,1.492,-0.2305,1.463,-1.081,2.25,-0.278,0.6226,0.6045,2.031
0.3884,0.978,-0.1914,-0.04602,1.583,-1.161,-0.3018,2.404,-0.4895,0.7417,0.0733,-0.688,-0.4353,-0.3813,-0.4282
1.4375,1.123,-0.0821,0.7803,-1.51,1.234,0.635,1.136,0.5884,1.17,1.597,0.4883,0.00618,0.0704,0.7153
0.1481,-0.495,-0.1726,-0.3655,-0.02759,-0.664,-0.9644,-1.194,-0.6777,0.0396,-0.205,-0.975,-0.498,-0.4678,-0.4338
0.5894,-0.7017,0.682,1.453,-1.843,-0.1371,0.6484,0.8374,-0.231,0.375,0.356,1.426,-0.2047,-0.4834,-0.1199
1.519,1.062,1.28,-1.652,0.516,1.739,1.319,0.10004,1.5625,1.606,2.014,2.242,1.239,1.066,1.568
-1.463,-0.737,-1.632,1.173,-1.841,1.182,0.921,0.8477,0.6475,-1.6455,-0.7407,0.3904,-0.2181,0.3425,-0.1592
1.141,1.551,0.928,1.204,-0.146,0.02788,0.043,0.1564,-0.3428,0.6587,1.024,0.869,0.06128,-0.4067,0.08307
-0.904,-0.909,0.6704,0.7656,1.479,-0.649,-0.252,0.933,-0.538,0.3289,-0.6494,-0.1603,-0.268,-0.5063,-0.536
-0.12415,-0.0597,0.9053,1.394,-1.827,-1.428,1.635,1.141,0.5947,-1.547,-0.5835,0.801,0.1613,0.2058,0.4153
0.1783,0.3923,0.1231,-0.563,1.703,-0.876,-0.866,2.223,-0.5933,0.5054,-0.431,-0.636,-0.4155,-0.4111,-0.5005
1.72,0.9497,1.063,-0.2468,-1.492,2.285,2.217,1.051,2.832,0.004097,2.379,-0.9966,2.678,2.074,2.852
0.8423,0.427,-1.198,0.5283,-1.598,-0.275,-0.824,0.6875,-0.63,1.657,0.764,0.781,-0.4338,0.1288,-0.1888
-0.3225,0.0169,-1.195,0.08307,-0.6865,-1.343,0.0342,-0.6265,-0.248,0.2783,-0.722,-0.8457,-0.4937,-0.4656,-0.5073
0.0639,1.174,-1.548,-0.626,1.075,-1.07,-0.5293,1.182,-0.4343,1.266,-0.2252,0.04254,-0.4614,-0.136,-0.4907
0.04852,1.598,1.207,-1.225,0.629,-1.145,-0.1681,0.695,-0.439,-1.656,-0.1866,-0.4717,-0.03647,0.05472,-0.484
1.589,-0.618,0.6377,-1.521,-0.8267,1.774,1.463,-0.8174,1.673,-0.529,2.043,0.468,1.085,0.619,1.723
0.296,1.537,0.4236,0.0532,-0.685,-1.504,0.412,0.3354,-0.0753,-0.9043,-0.0627,-1.439,-0.1808,-0.2627,-0.3596
-0.872,1.229,-0.1091,-0.5806,-1.226,-0.603,-0.8384,0.7114,-0.5776,0.7163,-0.6084,-0.5674,-0.5854,-0.377,-0.5225
0.761,-0.5386,1.041,-1.614,0.05627,-0.3794,-0.569,-1.27,-0.5073,-1.087,0.74,0.489,-2.164e-05,-0.2617,-0.1451
0.07806,-1.043,1.031,-0.922,0.4055,-1.528,0.2654,-1.111,-0.1556,-0.892,-0.3386,-0.859,0.0003705,-0.3547,-0.3892
0.02908,0.411,-1.33,-1.26,-0.5522,-0.6313,-0.734,-0.535,-0.691,-0.509,-0.4792,-0.2808,-0.6055,-0.4128,-0.522
0.03296,0.1063,-1.402,0.444,0.4473,-0.7456,-0.566,-0.6733,-0.6514,-0.637,-0.4575,-1.009,-0.5474,-0.417,-0.4736
1.645,-1.528,-0.925,0.7627,-0.11365,2.26,2.904,-1.437,3.414,-0.04276,2.299,-0.4597,3.09,3.125,3.646
0.6,-1.271,1.016,-0.4067,0.3086,-0.3572,-1.16,-1.078,-0.6216,0.01207,-0.11444,-1.153,-0.0594,-0.5264,-0.4414
1.734,0.452,0.519,-1.26,0.736,2.385,2.717,-0.03412,3.52,-1.292,2.385,-0.2191,3.613,3.6,3.459
0.2382,-1.452,1.262,-0.602,1.15,-0.827,-0.9165,-0.1885,-0.5854,-1.044,-0.2162,-1.215,-0.02159,-0.2566,-0.479
-1.205,-0.04776,1.409,0.4497,0.2952,0.772,-0.2659,-0.8936,-0.0432,-1.103,-0.795,-1.18,0.1125,-0.2588,-0.5776
-0.04044,-0.65,0.1738,-0.6714,-0.155,-1.047,-0.4216,-1.27,-0.491,1.141,-0.5933,0.03111,-0.4512,-0.1918,-0.5015
-0.349,0.5737,-1.735,-1.324,1.128,-1.098,-0.2223,0.843,-0.4119,0.02335,-0.645,0.1328,-0.558,-0.4834,-0.5684
0.666,1.566,-0.1644,-0.8965,1.202,-0.439,-1.067,1.609,-0.6904,-1.549,0.6465,-0.747,-0.403,-0.0755,-0.1276
-0.9683,0.4248,1.446,-1.116,-1.054,-0.01526,-0.923,-0.01411,-0.578,-0.4126,-0.91,-0.3809,0.01591,-0.485,-0.475
0.591,-1.116,-1.702,-0.691,-0.1686,-0.684,-0.8315,-1.388,-0.6455,1.639,0.1913,0.52,-0.4553,0.1412,-0.396
1.649,-0.6807,-0.661,-0.6665,1.334,2.105,1.679,0.8057,2.248,1.308,2.162,0.08844,1.429,1.628,2.037
-0.565,-1.097,0.842,-1.413,-0.02512,-0.8457,-0.3406,-1.347,-0.5034,-0.775,-0.5845,0.0747,-0.1694,-0.3792,-0.593
0.8965,1.044,-0.9834,1.176,-0.4365,-0.05548,0.03152,-0.2048,-0.3997,0.627,0.913,0.8076,-0.4573,-0.4033,0.03552
-1.506,-0.441,-0.8237,-0.1034,1.772,1.253,-0.2113,1.941,0.3298,-0.4143,-0.697,-1.184,-0.3757,-0.3015,-0.4546
-0.939,-1.364,0.826,-0.03427,-0.5303,-0.04398,-1.165,-1.446,-0.5464,0.482,-0.781,-0.8887,-0.2275,-0.4282,-0.4375
-0.00819,-1.499,0.4683,-1.026,-0.73,-1.044,-0.3748,-1.208,-0.4275,1.669,-0.4849,1.083,-0.3696,0.1555,-0.5684
1.582,-0.405,1.492,1.213,-0.938,1.823,2.324,-0.876,2.41,0.675,1.941,0.815,2.361,1.581,2.484
1.347,-0.815,0.4607,1.393,-0.986,0.69,0.8257,-0.774,0.2644,0.5835,1.501,1.3955,0.03125,-0.3484,0.817
0.6846,0.05624,-1.489,-0.48,1.825,-0.2703,-1.069,2.312,-0.6626,1.647,0.3584,0.5337,-0.4685,0.1396,-0.2705
-0.1909,0.1494,0.911,-0.612,-0.4192,-1.14,-0.3684,-0.8213,-0.44,0.2957,-0.5376,-0.703,-0.2012,-0.4666,-0.515
-0.7847,1.424,-0.1471,0.10925,1.104,-0.3262,-0.8125,1.505,-0.6816,0.527,-0.839,-0.6978,-0.525,-0.427,-0.4548
-0.894,-0.601,1.234,-1.404,1.473,0.0602,-0.8384,0.9873,-0.4897,0.9014,-0.9873,0.9414,-0.04926,-0.306,-0.4604
1.337,1.418,-0.5303,-1.663,-1.02,0.9404,0.0815,0.5674,0.1362,-1.245,1.792,0.5444,-0.1647,-0.1772,0.7363
0.6104,1.039,-0.918,-0.1858,-0.04068,-0.651,-0.702,-0.3347,-0.657,-1.515,0.10895,-1.475,-0.475,-0.0629,-0.394
-0.545,0.3052,0.4585,-0.10706,-0.7476,-0.39,-1.013,-0.466,-0.6533,-1.398,-0.822,-1.477,-0.374,-0.0941,-0.4702
-1.395,-1.137,-0.9043,1.493,-0.755,0.57,0.742,-1.102,0.151,-0.726,-0.564,0.9414,-0.413,-0.316,-0.2355
-0.1486,1.189,-1.546,0.588,-0.545,-1.401,0.3938,0.1096,-0.11194,-0.6274,-0.4587,-0.947,-0.459,-0.4211,-0.4048
1.283,0.562,1.74,-0.4756,-0.905,0.7856,-0.7915,-0.2137,-0.2247,0.958,1.53,-0.381,0.466,-0.3152,0.415
0.5415,1.032,-0.6445,0.7173,0.834,-0.697,-0.1395,0.549,-0.5347,-0.2242,-0.0936,-0.645,-0.529,-0.5166,-0.4426
0.8345,-1.658,0.8403,0.679,1.656,-0.413,-0.433,1.294,-0.5386,0.2815,0.4988,-0.3826,-0.0665,-0.517,-0.285
1.687,-0.377,0.954,-0.4067,-0.1893,2.412,2.535,-1.1045,3.344,-0.1992,2.23,-1.199,3.445,2.963,3.035
-1.184,-1.386,0.8867,0.5166,0.7188,0.372,-0.628,-0.862,-0.3691,1.6455,-1.2,0.5405,-0.1881,0.125,-0.524
1.402,-0.2979,0.6016,1.103,1.404,1.32,1.168,0.981,1.115,1.628,1.754,1.519,0.4668,0.6367,1.227
1.441,0.994,1.266,1.164,0.2827,0.9473,0.8057,-0.03745,0.4985,-0.854,1.906,0.1328,0.527,-0.2096,1.097
0.8447,-1.416,-1.221,0.9253,-1.305,-0.04932,-0.289,-0.4233,-0.4912,-1.655,0.7397,-0.1946,-0.4219,0.01598,-0.1917
0.309,-1.735,-0.8774,0.08765,0.1979,-0.6943,-0.72,-1.516,-0.6577,-1.374,-0.1322,-1.272,-0.4587,-0.11194,-0.481
0.01704,-0.5312,1.119,-0.388,-0.9106,-0.9927,-0.5513,-0.7905,-0.5503,-1.799,-0.452,-1.324,-0.0688,0.1444,-0.5615
1.49,1.681,-1.349,-1.113,-0.748,0.902,-0.374,0.4976,0.0823,1.535,1.837,1.164,-0.2598,0.0922,0.7085
-0.9507,1.544,0.4065,1.242,-0.2491,-0.477,0.2854,0.08325,-0.337,1.416,-0.9233,1.744,-0.3826,-0.03586,-0.367
1.365,0.6504,0.1631,0.04724,-0.3452,1.158,-0.337,-0.514,0.2311,-0.5225,1.652,-1.288,-0.03647,-0.3352,0.5537
1.171,-0.507,-0.364,1.692,0.654,0.8696,1.359,-0.698,0.695,-0.1396,1.124,1.876,0.03021,-0.2124,0.829
-1.016,1.153,-1.711,-1.079,0.0918,-0.4153,-0.904,-0.072,-0.6265,0.8857,-0.9146,0.247,-0.4832,-0.262,-0.4836
0.6875,0.086,1.517,1.047,0.2961,-0.2135,-0.2637,-0.869,-0.5386,0.4065,0.52,0.3457,0.3054,-0.471,-0.2338
-0.1395,0.3354,-1.634,-0.68,-0.6,-0.377,-1.122,-0.6533,-0.5884,0.8657,-0.754,-0.2908,-0.5425,-0.3584,-0.4358
-1.294,-0.725,1.469,1.037,0.627,0.4087,-0.05304,-0.8203,-0.1697,0.529,-1.015,0.341,0.1346,-0.38,-0.4834
-1.502,0.2742,0.8423,0.7554,0.1704,0.921,0.2272,-0.862,0.1691,1.044,-0.678,0.407,-0.10767,-0.10364,-0.4707
-1.369,1.066,-0.557,-0.3354,0.144,0.6943,-0.8564,-0.1417,-0.1963,0.5996,-0.948,-0.967,-0.5674,-0.3567,-0.495
-0.566,1.164,-1.716,-0.169,1.526,-1.004,-0.5015,2.275,-0.484,-1.113,-1.047,-1.486,-0.5474,-0.2693,-0.464
0.1947,0.8804,-1.503,-1.454,0.0632,-1.294,0.0939,-0.332,-0.2673,-0.01353,-0.2151,0.3308,-0.4705,-0.4858,-0.4724
1.744,0.1743,-0.2952,-0.768,-1.22,2.32,2.27,-0.1054,2.947,-0.3474,2.523,-0.978,2.45,2.316,3.125
0.09735,1.566,-0.4543,-0.6143,1.296,-1.774,0.631,1.973,0.1622,-0.556,-0.4434,-1.163,-0.3706,-0.354,-0.2206
1.316,-0.2773,1.47,-1.47,-0.552,1.172,0.1425,-0.9,0.3232,1.174,1.419,1.588,0.4783,-0.05554,0.4043
0.276,-0.9053,0.9976,1.513,-0.363,-0.6963,0.8477,-1.228,-0.0908,-0.05606,-0.02211,1.25,0.01659,-0.4368,-0.0649
0.532,0.3345,0.2642,0.2969,-1.804,-1.011,-0.492,1.242,-0.5034,0.7197,0.1614,-0.404,-0.3342,-0.3486,-0.4082
-0.697,0.856,0.0987,1.244,-1.06,-0.6367,0.3662,0.2903,-0.3333,1.112,-0.943,1.345,-0.5034,-0.2048,-0.3662
-0.5664,0.1978,0.668,1.466,-1.176,-0.4895,0.589,-0.1066,-0.192,-1.786,-0.945,0.9717,-0.2935,0.1372,-0.336
0.778,-0.2856,0.189,0.4258,0.537,-0.4238,-0.7593,-0.807,-0.646,0.6523,0.2588,-0.4192,-0.3394,-0.3972,-0.33
0.7383,-1.147,-1.688,-0.637,-1.314,-0.02087,-1.164,-0.285,-0.6104,1.159,0.3867,-0.06058,-0.3884,-0.1523,-0.279
1.421,-1.556,-1.394,-0.2499,0.3071,1.448,0.1445,-1.298,0.613,-0.987,1.552,-1.435,0.04025,-0.0485,0.501
0.02333,-0.719,1.61,1.32,1.233,-0.9297,0.7397,0.3232,-0.0898,1.37,-0.3386,1.945,0.313,-0.082,-0.2162
0.501,1.244,-1.279,-1.153,-0.11566,-0.3118,-0.9233,-0.03345,-0.6797,1.274,0.0644,0.7373,-0.4873,-0.0954,-0.3928
0.679,1.3545,0.9473,0.9507,-1.41,0.2847,-0.1569,1.181,-0.2952,-1.48,0.298,-0.2568,-0.0464,-0.0649,-0.3508
-0.3977,-1.452,0.1862,-1.4,1.436,-0.9624,-0.364,0.803,-0.5903,-0.598,-0.673,0.1415,-0.456,-0.4465,-0.55
0.9277,-1.598,-0.636,-0.0956,1.54,-0.3162,-1.146,0.879,-0.649,-0.367,0.8203,-1.244,-0.3809,-0.4846,-0.02705
1.225,1.245,-1.563,-0.843,0.7485,0.554,-0.9355,0.7534,-0.285,-0.524,1.309,-0.733,-0.32,-0.4482,0.2732
-0.6357,-0.799,-0.451,1.579,-0.6235,-0.5522,0.881,-1.048,-0.1432,1.049,-0.7754,2.426,-0.526,-0.2205,-0.1414
-1.613,-0.3865,1.704,1.272,-1.422,1.617,1.866,0.12213,1.746,0.6143,-0.6016,1.003,1.417,0.722,0.613
-0.3777,-0.6265,1.708,-0.964,0.4104,-1.043,-0.3923,-1.107,-0.541,-0.1183,-0.8584,-0.4812,0.2056,-0.4792,-0.4907
-1.421,1.169,0.8325,-0.669,1.435,0.9883,-0.4153,1.886,0.04135,-0.377,-1.067,-1.043,-0.12354,-0.4365,-0.4683
-1.005,-1.284,1.636,1.351,0.5645,-0.555,0.356,-0.969,-0.3337,-0.608,-0.928,0.5767,0.1946,-0.4453,-0.3914
0.3958,0.7036,-0.79,0.5283,-1.169,-0.6665,-0.627,0.256,-0.6367,1.116,-0.04254,0.12384,-0.5425,-0.183,-0.459
0.8867,-0.2335,1.6,1.41,-0.578,0.136,0.4648,-0.9263,-0.1743,1.503,0.8843,2.33,0.3604,0.0341,0.1318
-0.7363,1.044,-1.439,1.102,-0.971,-0.744,0.2284,0.1653,-0.4263,1.509,-0.781,1.594,-0.543,0.002476,-0.3853
-0.722,0.5127,-1.541,1.59,-1.387,-0.724,1.04,0.6426,-0.012596,-0.3115,-0.587,1.411,-0.3755,-0.429,-0.07434
1.605,1.684,0.4302,0.9863,1.444,2.053,2.746,2.385,2.951,1.453,1.894,1.254,2.588,2.768,2.95
1.092,0.8228,-0.621,-0.906,-1.659,0.04065,-1.198,1.279,-0.705,-0.8438,0.9814,-0.8516,-0.3955,-0.3977,0.0454
1.452,-0.04007,0.6694,-1.035,-0.5767,1.362,0.09955,-0.8867,0.5596,1.662,1.7295,1.06,0.3044,0.333,0.704
0.5,0.355,-0.4888,-1.53,-0.2362,-0.742,-0.3235,-0.8433,-0.5063,0.4602,0.2241,0.896,-0.4807,-0.4495,-0.3608
0.2695,-1.039,-1.037,-0.432,0.765,-0.928,-0.728,-0.5615,-0.596,0.3333,0.04526,-0.948,-0.5225,-0.462,-0.4597
-0.2693,0.1572,1.408,0.5737,-1.105,-1.303,0.3613,-0.3093,-0.3354,0.9976,-0.7637,0.04938,0.115,-0.2429,-0.4045
-0.6235,1.597,0.1644,-0.519,1.222,-0.9995,-0.5894,1.81,-0.5522,-1.43,-0.533,-1.269,-0.4634,-0.01151,-0.537
1.143,-1.535,0.8306,-1.516,-0.329,-0.02234,-0.656,-1.538,-0.5117,-1.315,1.089,0.09033,0.01927,-0.1536,0.1029
-0.3098,-1.682,-1.073,-0.5474,0.2168,-1.174,-0.4773,-1.468,-0.3894,0.3428,-0.4333,-0.7876,-0.5215,-0.4492,-0.549
-0.04205,-1.264,0.5093,-1.639,-0.2615,-1.319,0.289,-1.519,-0.2761,0.6934,-0.2477,1.415,-0.2349,-0.3591,-0.3982
1.534,-1.192,-1.202,0.4216,1.263,1.473,0.683,0.2944,0.8667,1.161,1.81,0.0245,0.1362,0.2341,0.953
-0.10583,-1.195,0.39,-1.152,-1.221,-1.607,0.5044,-0.4604,0.01228,-1.137,-0.05704,-0.591,-0.2751,-0.2225,-0.2261
-1.396,0.5225,0.765,0.565,-1.531,0.7734,-0.2703,0.6333,-0.07043,0.5605,-0.5605,-0.326,-0.1604,-0.3662,-0.592
1.432,-0.9834,0.894,0.2299,1.1,1.194,0.02492,-0.0839,0.3713,-0.2139,1.58,-1.108,0.2302,-0.3523,0.4897
-1.523,0.8496,1.017,0.4038,-1.319,0.947,-0.2368,0.597,0.1519,0.3313,-0.731,-0.6533,-0.000553,-0.3484,-0.5864
1.334,-0.715,-1.182,0.1527,-1.162,1.26,0.1306,-0.583,0.4233,0.893,1.413,-0.2717,-0.2008,-0.1587,0.4126
-0.545,0.3708,-0.1078,1.704,-0.957,-0.7163,1.252,-0.4512,0.09875,1.501,-0.818,3.059,-0.3708,0.05084,0.1375
-1.508,0.9556,0.9033,-0.711,1.464,1.117,-0.3242,1.968,0.2056,0.6,-0.523,-0.4316,0.01976,-0.3176,-0.5073
-0.2101,1.561,0.5293,0.701,1.547,-0.966,0.01556,2.738,-0.3708,0.001551,-0.4924,-0.4941,-0.2593,-0.473,-0.4678
-0.5366,-0.1691,-1.601,-0.714,0.4126,-0.858,-0.743,-0.629,-0.5845,1.398,-0.7993,0.3728,-0.519,-0.0521,-0.5327
-1.179,0.675,1.326,-0.8623,0.3745,-0.3481,-1.119,-0.1896,-0.592,-0.01528,-1.189,-0.683,-0.0761,-0.542,-0.3862
-1.054,-1.456,-0.32,-0.637,-1.323,0.1876,-1.2295,-0.3442,-0.571,-1.371,-0.4888,-1.102,-0.4968,-0.10846,-0.3635
0.544,-0.658,-0.3918,0.4062,1.628,-0.8315,-0.3955,1.425,-0.5186,-1.027,-0.0462,-1.181,-0.4734,-0.316,-0.5107
-0.7026,0.2356,1.589,-0.0864,-1.495,-0.9014,-0.5156,0.646,-0.568,-0.11487,-0.92,-1.351,0.1626,-0.514,-0.54
-1.285,0.3694,-0.2151,1.115,0.4688,0.4636,0.2593,-0.2898,-0.1091,1.46,-0.781,1.573,-0.4548,0.0542,-0.4417
0.098,0.08563,-1.215,-1.309,1.008,-0.92,-0.5923,0.3882,-0.588,-1.707,-0.1749,-0.0156,-0.544,0.0771,-0.553
1.266,1.36,-1.125,0.8804,1.32,0.898,0.1906,1.75,0.091,-0.09357,1.475,-0.2277,-0.319,-0.417,0.513
-0.378,-0.506,-0.3005,-0.367,0.493,-0.628,-1.03,-0.776,-0.644,0.4739,-0.804,-0.8,-0.615,-0.458,-0.5137
-0.7075,0.6255,1.559,0.964,-0.9165,-0.473,-0.09503,-0.275,-0.4624,0.2217,-0.911,0.03882,0.06366,-0.3945,-0.4766
-0.16,-1.241,0.01738,-1.605,-0.2487,-0.4993,-0.4543,-1.319,-0.5127,-0.8125,-0.5117,0.526,-0.4854,-0.366,-0.4924
-1.015,1.268,0.7534,0.11865,0.702,-0.476,-0.917,0.5977,-0.652,0.762,-0.831,-0.607,-0.2537,-0.3176,-0.4368
-1.368,-1.35,-0.0421,-1.16,0.158,0.4365,-0.7974,-1.394,-0.4424,0.969,-1.004,0.5605,-0.4924,-0.2476,-0.4978
-0.6987,-1.348,1.436,0.3545,1.54,-0.8184,-0.4705,0.9663,-0.557,1.44,-0.7505,0.2712,0.01555,0.00426,-0.5454
0.5312,-1.33,0.7715,-1.45,-0.5254,-0.891,-0.4663,-1.37,-0.572,0.3022,0.1231,0.542,-0.1755,-0.4302,-0.4558
-1.118,0.1555,-1.639,-0.9995,0.4966,0.2952,-0.949,-0.5894,-0.4468,1.61,-0.7275,1.005,-0.4885,0.10394,-0.5835
-1.696,0.956,1.198,-0.4639,-1.0205,2.02,1.447,0.1827,2.033,-0.928,-0.8887,-1.4795,1.466,1.097,0.2485
0.3477,-1.202,-1.724,-0.3447,-1.757,-1.128,-0.306,0.5957,-0.3503,1.567,-0.1064,0.21,-0.422,0.1106,-0.4731
1.657,1.6875,-0.333,-1.178,-1.413,2.764,3.94,1.523,5.27,-0.575,2.37,-0.4739,7.098,7.47,5.406
-1.117,-0.0423,0.7725,1.154,-1.431,0.2097,0.1261,0.2922,-0.2673,-1.59,-0.9077,0.0709,-0.263,-0.01103,-0.4595
-0.7407,1.607,-0.55,1.345,-0.739,-0.772,0.656,0.5776,-0.10034,-0.4414,-1.044,0.7266,-0.513,-0.5376,-0.252
-1.667,-1.095,-0.4177,0.971,-1.773,1.434,1.1045,0.712,1.008,0.598,-0.702,0.2683,0.07086,0.08435,-0.0811
-1.278,0.3662,0.02618,-1.255,1.267,0.2583,-0.747,0.8936,-0.3767,0.546,-0.9087,0.2068,-0.51,-0.4219,-0.5215
1.326,-1.566,0.7065,0.2732,-0.77,0.8657,-0.417,-1.129,0.02919,-1.154,1.639,-1.297,0.05887,-0.1875,0.5435
-1.015,1.121,-1.508,1.691,-0.2642,0.1481,0.976,-0.2041,0.1602,1.255,-0.9263,2.797,-0.4355,-0.0698,-0.06104
-0.28,1.124,-0.493,-0.6333,1.0,-0.8945,-0.6514,1.087,-0.5244,1.249,-0.5737,0.1294,-0.495,-0.1329,-0.492
0.001033,1.598,-0.4436,-1.433,-0.2893,-1.26,0.1512,0.2493,-0.2695,-1.787,-0.4238,0.0744,-0.5337,0.1665,-0.503
-0.8535,1.17,1.642,-1.532,0.7627,-0.813,-0.4263,0.629,-0.514,0.947,-0.9097,1.283,0.1575,-0.215,-0.5176
-1.087,-1.544,-0.9272,-0.93,1.628,-0.3145,-1.051,1.259,-0.5464,-0.08374,-0.729,-0.6963,-0.624,-0.4678,-0.433
-0.9546,1.3545,0.951,-1.251,0.6,-0.666,-0.642,0.602,-0.5864,0.1544,-0.8105,-0.06223,-0.1862,-0.4485,-0.5
0.769,-0.12244,0.1494,-0.1703,0.749,-0.289,-1.085,-0.353,-0.693,-0.8745,0.495,-1.376,-0.3435,-0.2957,-0.2715
-0.588,0.2179,-1.289,-1.299,-0.7627,-0.6895,-0.578,-0.5474,-0.6133,0.8765,-0.874,0.7236,-0.6797,-0.275,-0.511
0.8066,1.505,-0.415,0.7925,-0.1252,-0.011826,-0.3777,0.138,-0.4524,0.526,0.4478,0.10693,-0.4233,-0.3962,-0.3286
0.04584,1.526,0.5557,0.779,-0.005405,-1.229,0.4082,0.1405,-0.1807,-0.034,-0.2905,-0.3523,-0.2164,-0.4402,-0.368
-0.947,0.1901,-1.447,-0.614,0.3516,-0.3594,-1.127,-0.676,-0.6177,-0.389,-1.0205,-1.031,-0.61,-0.4875,-0.4214
-0.3076,0.9546,1.208,-1.488,-0.0862,-0.9546,-0.2031,-0.294,-0.4587,-0.8105,-0.396,0.1545,-0.041,-0.3733,-0.529
1.017,-0.4663,-1.73,-1.392,-1.634,0.0528,-0.9,0.4565,-0.564,-1.734,0.8184,0.07996,-0.3462,0.11395,-0.0777
1.432,0.2737,-0.3538,0.2515,-0.4092,1.463,0.57,-0.753,0.892,1.408,1.59,0.2053,0.2255,0.3477,0.6826
0.709,-0.862,1.004,1.57,1.739,-0.2303,0.6133,1.713,-0.1804,-0.371,0.536,1.085,0.0545,-0.4888,-0.103
0.783,1.3125,0.7236,0.677,0.4978,-0.4175,-0.4233,0.3127,-0.5747,-0.3164,0.481,-0.767,-0.1863,-0.466,-0.3403
-1.179,0.5376,-0.2354,0.362,1.292,0.0939,-0.804,1.153,-0.579,-0.6045,-0.802,-1.227,-0.538,-0.444,-0.567
-1.608,-0.2028,-0.8315,1.067,1.482,0.9497,0.5947,1.189,0.3972,0.5757,-0.673,0.66,-0.3748,-0.1996,-0.3813
0.06757,-0.2242,0.1921,0.1174,0.4966,-0.616,-0.9507,-0.8755,-0.635,-0.818,-0.537,-1.219,-0.3625,-0.3884,-0.446
-0.4895,-1.379,0.2808,-0.6416,-0.7007,-0.524,-0.9214,-1.209,-0.5557,0.6025,-0.83,-0.503,-0.4688,-0.394,-0.4858
0.8027,-0.84,-0.663,0.571,-1.455,-0.3083,-0.5625,0.1764,-0.64,-0.4915,0.4631,-0.856,-0.455,-0.3743,-0.2155
-1.132,0.3865,0.256,-1.523,-1.24,0.331,-0.692,0.188,-0.3923,-1.151,-0.6396,0.3152,-0.3872,-0.2363,-0.57
-1.502,1.197,-1.374,-0.6313,-0.463,0.924,-0.589,0.02235,-0.06244,-1.762,-0.521,-1.181,-0.4404,0.11725,-0.5674
0.608,-1.33,-0.4644,-1.485,0.8994,-0.5415,-0.608,-0.42,-0.613,0.4268,-0.015465,0.6724,-0.481,-0.4375,-0.4966
-0.3115,-1.315,0.9766,1.632,-0.006996,-1.446,2.004,-1.394,0.814,-1.027,-0.728,1.287,0.3115,0.08246,0.755
-1.131,0.7188,-1.147,1.365,-0.2034,0.0384,0.4077,-0.603,-0.256,0.4385,-0.7427,1.073,-0.5537,-0.4814,-0.3713
1.163,-1.292,0.643,-0.2573,-1.233,0.437,-0.9326,-0.6904,-0.389,0.5674,1.1,-0.8584,-0.1246,-0.4346,0.11676
0.212,0.1372,-0.203,-1.565,0.799,-0.9,-0.2163,-0.1062,-0.493,-0.696,-0.0896,0.4502,-0.5312,-0.4326,-0.4963
1.264,-0.354,1.223,-0.3413,1.614,1.381,0.1002,1.649,0.5205,-1.437,0.8765,-1.288,0.392,0.1641,-0.007507
0.686,-0.2406,1.278,1.252,0.956,-0.486,0.2893,-0.1306,-0.3342,-1.602,0.269,0.5386,0.05728,0.003101,-0.2125
-0.722,0.4858,1.411,0.6885,1.043,-0.3584,-0.43,0.624,-0.567,-0.8926,-0.7285,-0.784,0.0452,-0.3684,-0.562
0.343,1.272,1.084,1.695,-0.8203,-0.9067,1.336,0.2427,0.1516,-0.9424,-0.01918,1.632,0.01826,-0.2228,0.2042
0.09344,0.2188,0.05722,-0.6235,-1.391,-1.437,0.04907,0.285,-0.1884,-0.9795,-0.249,-1.186,-0.318,-0.3054,-0.4773
-1.307,-1.5625,-1.337,0.1235,-0.898,0.2396,-0.98,-1.0205,-0.4985,-0.832,-0.8394,-1.375,-0.5586,-0.388,-0.4993
-0.9976,1.65,-0.805,0.8525,-1.809,-0.457,-0.3748,2.277,-0.6016,0.5693,-0.89,0.149,-0.578,-0.3608,-0.525
0.4946,-0.10785,-1.036,1.441,0.9814,-0.532,0.6274,0.11536,-0.29,-1.151,-0.002258,0.83,-0.4858,-0.2166,-0.146
-0.45,0.4778,1.247,-1.016,0.5654,-1.226,-0.1387,-0.2484,-0.3542,-0.9194,-1.132,-0.628,-0.00814,-0.3179,-0.4246
-0.8325,0.1185,1.3,0.816,0.6807,-0.6997,-0.1287,-0.283,-0.5317,0.2439,-0.743,-0.1578,0.01889,-0.4575,-0.55
-0.314,-0.4346,-0.5493,0.4648,0.6626,-0.9355,-0.2003,-0.4773,-0.4265,-1.535,-0.8516,-1.052,-0.556,-0.05264,-0.5244
-0.697,-0.2976,-0.4575,-1.315,-1.72,-0.4841,-0.7725,0.7393,-0.631,0.322,-0.4856,0.272,-0.5527,-0.4402,-0.4753
-0.8716,-0.7354,0.5464,0.2563,0.3582,-0.6455,-0.714,-1.015,-0.5283,-0.5737,-0.976,-1.21,-0.3496,-0.4194,-0.487
0.596,-0.7847,1.577,-0.825,-0.583,-0.761,-0.744,-1.216,-0.674,-0.9375,0.11304,-0.9614,0.2242,-0.3184,-0.3562
-1.453,1.108,-0.2905,0.08344,1.554,0.9844,-0.3403,2.299,0.10846,-1.134,-0.7046,-1.19,-0.3845,-0.173,-0.527
0.942,-1.644,0.6157,-0.6357,-1.602,0.1826,-1.176,0.0864,-0.5146,0.164,0.913,-0.8423,-0.09644,-0.4814,0.0177
-0.6724,0.2688,-1.032,-1.557,0.2852,-0.4143,-0.718,-0.6143,-0.678,0.461,-0.8833,0.9746,-0.6274,-0.4338,-0.541
-0.7817,0.1863,-1.337,1.658,-1.444,-0.51,1.122,0.3481,0.0566,-1.492,-1.07,1.471,-0.4575,-0.05322,0.00949
-0.1461,1.242,0.0791,0.03595,-1.807,-1.07,-0.3086,1.942,-0.4275,-0.11255,-0.435,-1.182,-0.438,-0.473,-0.5967
-0.774,-0.2434,-1.526,-0.4885,-1.714,-0.8794,-0.7715,1.024,-0.578,1.044,-0.874,-0.3855,-0.6274,-0.227,-0.539
-0.7847,-0.889,0.7144,-0.569,1.548,-0.7734,-0.726,0.9214,-0.655,-1.422,-0.7837,-1.2,-0.312,-0.0928,-0.4954
-1.453,-1.613,0.887,-1.633,0.521,0.95,-0.04007,-0.9556,0.09937,0.1775,-0.996,1.029,-0.11456,-0.4685,-0.4788
-1.082,0.71,-1.73,-1.091,0.8394,-0.0782,-0.968,0.2625,-0.6665,0.633,-0.7847,0.03946,-0.5137,-0.3447,-0.5186
-1.674,-1.259,0.7266,-0.8643,0.9316,1.339,-0.0261,-0.4004,0.5205,-0.5386,-1.034,-0.936,-0.04248,-0.2323,-0.497
-0.165,-1.278,1.552,-1.363,-1.368,-0.9224,-0.3374,-0.368,-0.3843,-0.4324,-0.565,0.02548,0.152,-0.494,-0.599
0.7646,1.236,-1.183,-1.408,1.078,-0.2576,-0.7505,1.271,-0.5454,-1.603,0.575,0.1415,-0.4128,0.01188,-0.2705
-1.271,-0.2607,-1.461,1.58,-0.9663,0.4736,0.704,-0.552,0.02866,0.2952,-0.8867,1.614,-0.4177,-0.4065,-0.2166
0.0486,0.1519,-0.0884,0.1631,1.233,-1.159,-0.2605,0.736,-0.4849,1.509,-0.4817,0.2415,-0.4915,0.03772,-0.529
1.621,0.9136,-1.38,0.0927,-0.592,2.098,1.826,-0.1923,2.354,1.678,2.15,0.3977,1.583,1.991,2.2
1.042,-0.4226,-0.9824,0.736,-0.5386,0.4646,-0.3726,-1.073,-0.2615,-1.438,1.009,-0.7637,-0.422,-0.1399,0.00762
-1.192,0.279,-1.633,-0.01091,-0.833,0.1477,-1.082,-0.5684,-0.5063,0.1799,-0.843,-1.094,-0.5015,-0.4824,-0.4321
0.05814,-0.7173,1.278,1.578,-0.12213,-1.351,1.674,-1.309,0.48,1.214,-0.1876,2.514,0.3074,0.03763,0.4778
0.1906,-0.483,1.424,0.4375,0.6914,-0.9116,-0.3572,-0.4712,-0.5415,-0.4739,-0.2134,-0.875,0.1598,-0.4282,-0.5195
-1.218,0.462,-1.333,0.576,-1.342,0.2986,-0.6465,0.3416,-0.4026,-0.1346,-0.74,-0.6855,-0.562,-0.489,-0.529
